judul_proposal,deskripsi
GANESHA HEJO: Program Pengelolaan Sampah Terintegrasi di Kawasan Ganesha,Teknologi Informasi
Pengembangan Penguat RF Pita Lebar Derau Rendah untuk Aplikasi Software Defined Radar,Teknik Telekomunikasi
Peningkatan Produksi Benih Kentang Berkualitas Secara Aeroponik dengan Kontrol Elektronik dan Surfactan,Elektronika
Desain dan Implementasi Block Cipher BC4,Elektronika
IMPLEMENTASI ALGORITMA EFISIEN UNTUK ELLIPTIC CURVE CRYPTOGRAPHY BERBASIS COMPOSITE FIELD DENGAN NORMAL BASIS,Teknik Komputer
Peningkatan Kapasitas Sistem Selular CDMA Menggunakan Metoda Deteksi Multi User,Teknik Telekomunikasi
Rekayasa Komunikasi Millimeter Wave Band pada Frekuensi 60 GHz Sebagai Infrastruktur Transmisi Backbone Wireless Giga Bit (WiGig),Teknik Telekomunikasi
PENYEDERHANAAN KOMPLEKSITAS METRIK CENTRALITY UNTUK LARGE-SCALE SOCIAL NETWORK DI BIDANG ILMU MANAJEMEN,Teknik Komputer
Pengembangan Collaborative Learning System Berbasis Komputasi Awan (Development of Collaborative Learning System on the Cloud),Teknologi Informasi
Implementasi Korelator Presisi Tinggi dan Filter Moving Target Indicator untuk Perangkat Pulsed Radar Menggunakan Floating Point Arithmetic pada Field Programmable Gate Array,Teknik Telekomunikasi
Smart Shopping Using NFC,Elektronika
Pengembangan Sistem Fleet Management Berbasis TIK                                                     Untuk Meningkatkan Produktivitas Nelayan Tangkap,Elektronika
Pengembangan Perangkat Digital Signage dengan   Konsumsi Daya Rendah dan Ukuran yang Kompak,Teknologi Informasi
PENINGKATAN LAJU DAN KAPASITAS KOMUNIKASI DATA NIRKABEL NON LINE OF SIGHT (NLOS) PADA MOBILITAS TINGGI,Teknik Telekomunikasi
Pengembangan Kendali Arah Gerak Mobil Listrik Dengan Methoda Sinkronisasi Kecepatan Roda Penggerak,Sistem Kendali dan Komputer
Optimalisasi Bandwidth Internet di Instansi Pemerintah Melalui Pengukuran Produktivitas Penggunaannya   (Studi Kasus di Kampus ITB-Bandung),Rekayasa Perangkat Lunak dan Data
PROSESOR CONSTANT FALSE ALARM RATE FLOATING POINT PRESISI TINGGI PADA PENGOLAH SINYAL PULSED RADAR BERBASIS FIELD PROGRAMMABLE GATE ARRAY,Teknik Telekomunikasi
SOA Quality Assessment Framework,Rekayasa Perangkat Lunak dan Data
Penerapan GOAL-ORIENTED REQUIREMENT ANALYSIS(GORA) untuk Meningkatkan Keberhasilan Pengembangan Sistem Informasi di Instansi Pemerintah,Rekayasa Perangkat Lunak dan Data
Pembuatan Struktur Bahan Berpori untuk Pendinginan Komponen dan Perangkat Elektronika,Elektronika
Analisis Perambatan Gelombang Elektromagnetik yang Diradiasikan oleh Partial Discharge pada Sistem Berisolasi Gas Tiga Fasa,Teknik Ketenagalistrikan
Desain Klasifikasi Sinyal Otak Untuk Sistem Brain Computer Interface (BCI) yang Didukung Oleh Data Akuisisi ExG (fitur EEG),Elektronika
METODE EVALUASI CITRA ANGIOGRAM JANTUNG UNTUK PENILAIAN KEBERHASILAN OPERASI  PENYAKIT JANTUNG KORONER,Teknik Biomedika
Online Communication Analysis System for Water Governance; Case study: Bandung city,Informatika
Pengembangan Algoritma dan Piranti Lunak Penghitung Overtaking Intention pada Lingkungan Kendaraan Terkoneksi,Teknik Komputer
PENDIDIKAN PEMROGRAMAN DAN TEKNOLOGI INFORMASI UNTUK ANAK DENGAN MENGGUNAKAN GAMES,Teknik Komputer
Pengembangan Sistem Remote Monitoring Siaran Radio FM,Teknik Telekomunikasi
Aplikasi Simulator Peningkatan Keamanan Jaringan Komputer,Teknik Komputer
Interactive Wireless Presentation Device,Elektronika
METRICS AND MEASUREMENTS IN DATA ANALYTICS USING SOCIAL NETWORK APPROACH FOR ISSUES IN MANAGEMENT SCIENCE,Teknik Komputer
Sistem Digital Signage sebagai Media Informasi Publik dan Solusi Peningkatan Brand Awareness bagi Industri,Teknologi Informasi
Sistem EKG Telemetri,Teknik Biomedika
Pengembangan Mobile Voting,Teknik Komputer
Pengembangan Kotak Komputer Server Sederhana Sebagai Media Belajar Interaktif (EduBox),Rekayasa Perangkat Lunak dan Data
Implementasi Teknologi IoT pada Vertical Agriculture untuk Mengatasi Masalah Ketahanan Pangan dan Perbaikan Kondisi Lingkungan Hidup Di  Wilayah Perkotaan,Sistem Kendali dan Komputer
Rancang Bangun Next Generation Traffic Light Revolution Sistem Menuju Technology Readiness Level 7,Teknik Komputer
Pengembangan Perangkat Telepresence Sebagai Sarana Pertemuan Jarak Jauh Dengan Konsep Visualisasi Spatial Bagi Dunia Industri,Teknologi Informasi
Inovasi Disain dan Fabrikasi Susunan Antena Mikrostrip Menggunakan Teknik Sub-Array untuk Tracking pada  Sistem Komunikasi Satelit  atau Terestrial Bergerak,Teknik Telekomunikasi
: Perancangan Intelligent Electronic Device untuk Condition-Based Monitoring Menggunakan Cognitive Processor,Elektronika
Modul Eksperimen Inverter Terkoneksi ke Grid untuk Media Pembelajaran Mikrogrid,Teknik Ketenagalistrikan
Secure Control System  dan Penerapannya untuk Industrial Internet of Things (IIoT),Sistem Kendali dan Komputer
Adaptif System for Internet of Thing (IoT) in Healthcare,Informatika
Desain dan Prototyping Medium Range  Radar Ground Controlled Interception S-band untuk Bandara Kecil dan Gap-Filler,Teknik Telekomunikasi
Analisa Fusi Data Pendidikan Terhadap Aspek Afektif Peserta Didik Menggunakan Metode Clustering Data Mining : Studi Kasus Data Absensi berbasis RFID dan Smartphone.,Elektronika
A Prototype of Magnetic Field Camera,Teknik Biomedika
Implementation of Modular Active Power Filter with Apparent Power Limiting Method and Scaling Method Using dSpace 1104,Teknik Ketenagalistrikan
Improved-Capacity and Spectrum-Efficient Wireless Access Network to Support Internet of Things in 5G/6G Wireless Communication Systems.,Teknik Telekomunikasi
Mobile Non-invasive Hemoglobin Measurement for Maternal Health Monitoring,Teknik Biomedika
Design of Supercritical CO2 Brayton Cycle-Based 10 MW Solar Thermal Power Generation,Teknik Ketenagalistrikan
Perangkat Portable Crowd Management System Berbasis IoT untuk Ibadah Haji,Elektronika
Instalasi Akses Internet Super Cepat berbasis Light Fidelity (LiFi) di Indonesia,Elektronika
Pengembangan Internet of Things (IoT) untuk Tour Guide,Teknik Komputer
BOKS - Smart Locker,Elektronika
Mengatasi Masalah Sosial pada Masyarakat Perkotaan Melalui Pendidikan Teknologi Informasi dan Komunikasi Berbasis Mesjid di Kelurahan Cicaheum Kota Bandung,Teknik Telekomunikasi
Teknologi Konferensi Multimedia untuk Sekolah Pedesaan dengan Bandwidth Internet Terbatas,Teknologi Informasi
Own Grid - Radio Nelayan,Elektronika
Sistem Pemantau Gas di Sekitar Tempat Pembuangan Akhir Sampah,Teknik Telekomunikasi
Sistem Pencatatan Kesehatan Ibu dan Anak Berbasis Information and Communication Technology (ICT) untuk Daerah Rural,Teknik Komputer
PENILAIAN STABILITAS DINAMIK MIKROGRID DENGAN TINGKAT PENETRASI ENERGI TERBARUKAN DENGAN VARIABEL YANG TINGGI,Teknik Ketenagalistrikan
PHOTOMETER SYSTEM,Informatika
Layanan Internet untuk Daerah Pedesaan Menggunakan Delay Tolerant Networking (DTN) Memanfaatkan Alat Transportasi Umum Sebagai Router,Teknik Komputer
Design and Realization of a Compact Dual-Band Antenna based on Metamaterials for WiMAX Application,Teknik Telekomunikasi
Design and Prototyping of Multiband Antenna for Tower-Sharing 3G/UMTS/LTE/mWiMAX Basestation Systems,Teknik Telekomunikasi
OPTIMIZATION OF RIJNDAEL BLOCK CIPHER USING COMPOSITE FIELD,Teknik Komputer
Simulation of  Vasculature for the Management of Cerebral Aneurysm Patients,Teknik Biomedika
Implementasi dan Pembuatan Low Cost EEG 16 Kanal,Teknik Komputer
Implementasi dan Pembuatan Perangkat Lunak EEG 6 Kanal sebagai Interface BCI,Elektronika
QURAN RECITATION AUTOMATIC CHECKER,Informatika
Antena  gelombang mikro aktif menggunakan struktur integrasi mikrostrip patch � transistor derau rendah,Elektronika
Sistem Produk-Layanan Kelas Virtual untuk Pembelajaran Jarak Jauh di Sekolah Dasar Pedesaan (Product-Service System on Virtual Class for Distance Learning in Rural Elementary School),Teknologi Informasi
Peningkatan Literasi Komputer Guru Sekolah Dasar Pedesaan Dalam Pemanfaatan Layanan Pembelajaran Digital Pada Jaringan Testbed Bandung-Subang-Cianjur,Teknologi Informasi
BROADBAND WIRELESS ACCESS: MEMBERDAYAKAN INOVASI DALAM INDUSTRI ELEKTRONIKA INDONESIA,Elektronika
Pengembangan Paket Murah Multimedia Pembelajaran Interaktif Berbasis Wiimote untuk Sekolah Dasar,Teknik Biomedika
PEMBANGUNAN SISTEM KOMUNIKASI DAN KOLABORASI UKM UNTUK PROMOSI DAN PEMASARAN022-2508135,Rekayasa Perangkat Lunak dan Data
Pengembangan Sistem Informasi Manajemen Rekam Kesehatan Elektronik Dosen dan Mahasiswa di UPT Layanan Kesehatan Bumi Medika Ganesha ITB,Teknik Biomedika
Karakterisasi Kanal Indoor Millimeter Wave Band Untuk Aplikasi WLAN/WiGig Pada Frekuensi 60 GHz,Teknik Telekomunikasi
Rekayasa Anena Mikrostrip Pita jamak untuk Mengatasi Perbedaan Teknologi Komunikasi Nirkabel pada Sistem Transportasi,Teknik Telekomunikasi
APLIKASI PEMROSESAN VIDEO UNTUK SISTEM PEMANTAUAN DAN ANALISIS TRAFIK KENDARAAN DI JALAN TOL,Teknik Telekomunikasi
OPTIMASI RIJNDAEL BLOCK CIPHER MENGGUNAKAN COMPOSITE FIELD,Teknik Komputer
PENGEMBANGAN TESTBED ARSITEKTUR HYBRID JARINGAN BROADCAST DVB-H DAN JARINGAN UNICAST UNTUK APLIKASI MOBILE TV INTERAKTIF,Teknik Telekomunikasi
Desain dan implementasi framework perangkat lunak aplikasi berbasis text untuk masyarakat daerah pedesaan Indonesia. (Design and implementation of the text-based applications software framework for Indonesia rural area communities),Informatika
Pengembangan Sensor Gerak Untuk Pemantauan Aktivitas Fisiologis Pasien,Elektronika
Pembuatan Sistem Mekatronik Simulator Lintasan Sepeda Untuk Kegiatan Olahraga Kebugaran,Sistem Kendali dan Komputer
Multirate Model Predictive Control,Sistem Kendali dan Komputer
Desain dan Implementasi Antena Cerdas Basestation WiMAX 3.3 GHz berbasis MIMO 4x4,Teknik Telekomunikasi
Rancang Bangun Penerapan Assistive Technology Pada Aplikasi Seni : Head-Up Display dan Aplikasi Interaktif Pada Alat Musik Gitar Elektrik,Sistem Kendali dan Komputer
Identifikasi Sidik Jari Dengan Pendekatan Komputasi Banyak Core (Many Core Computing),Informatika
Pengembangan Testbed MANET (Mobile Ad-Hoc Network) untuk Keperluan Mitigasi Bencana,Teknik Telekomunikasi
Rancang Bangun Sistem Cerdas Tanya-Jawab berbasis SMS,Informatika
Continuous Passive Motion (CPM) pada Sendi Bahu dengan 2-derajat Kebebasan,Teknik Biomedika
SISTEM REKAM KESEHATAN ELEKTRONIK SEBAGAI BASELINE KESEHATAN DOSEN DAN MAHASISWA ITB,Teknik Biomedika
Perhitungan dan Simulasi Kinerja Perangkat UPC   untuk Mengurangi Dampak Redaman Hujan terhadap I Sistem Komunikasi Satelit Ku Band di Indonesia,Teknik Telekomunikasi
PENGEMBANGAN PROTOTIPE OLED SEBAGAI SUMBER CAHAYA,Teknik Biomedika
Pengembangan Algoritma Pemisahan Sinyal dan   Spectrum Sensing untuk Sistem Cognitive Radio,Teknik Telekomunikasi
Sistem Pemonitoran Jaringan Berbasis Web Untuk Mendukung Kelangsungan Layanan Digital Learning Pedesaan (Web-based network monitoring system for supporting the sustainability of Rural Digital Learning Service),Teknik Komputer
Optimasi Sistem Konferensi Multimedia Berbasis Web Untuk Pembelajaran Digital Sekolah Dasar Di Pedesaan (Optimation of Web-based Multimedia Conference System for Digital Learning in Rural Elementary School),Teknologi Informasi
Pengembangan Prototipe Sistem e-Government Terpadu yang Handal Berbasis Komputing Cloud,Teknologi Informasi
Data Mining Data Genomik untuk Prediksi Resiko Penyakit Kompleks,Rekayasa Perangkat Lunak dan Data
Voice Command Bahasa Indonesia untuk Telepon Seluler,Informatika
Studi Kinerja  isolator Keramik dan Epoksi resin melalui pendekatan Rangkaian Listrik Ekivalen dan Simulasi Arus Bocor dengan perangkat lunak ATP/EMTP,Teknik Ketenagalistrikan
Testbed Disaster Manajemen Information System (DIMaS) kasus DIMaS SIAGA,Rekayasa Perangkat Lunak dan Data
Beamforming Design for LTE Smart Antenna System,Elektronika
Robot Sepakbola Otonomi (Autonomous Soccer Robot),Sistem Kendali dan Komputer
PENGEMBANGAN AKTOR SINTETIS BERUPA ASISTEN CERDAS (DEVELOPMENT SYNTHETIC-THESPIAN FOR SMART ASSISTANCE),Teknik Komputer
PERANGKAT MULTIMEDIA BERDASARKAN AKTIFITAS MATA (ELECTROCULOGRAM ENHANCED MULTIMEDIA SUITE),Teknik Komputer
High Performance and Low Complexity 4G LTE Turbo Decoder Design,Elektronika
RANCANG BANGUN SIMULATOR PEMBEDAHAN (VIRTUAL SURGERY DEVELOPMENT),Teknik Komputer
Peranancangan Digital Office System  (Layanan untuk Kantor Pemerintahan Kabupaten/Kota),Teknologi Informasi
Desain dan Implementasi Mobile Learning Berbasis SOA dan Integrasi Service Cloud Computing untuk Mendukung Proses Belajar Mengajar di Sekolah,Teknologi Informasi
Sistem Verifikasi Identitas Kependudukan Terpadu,Teknologi Informasi
Desain Proxy Cloudlet pada Mobile Cloud Computing,Teknologi Informasi
Desain Monitoring Manajemen Sumber Daya Komputasi Pada Sistem Cloud,Teknik Komputer
Future Internet Berbasis Delay Tolerant Network (DTN) untuk Desa Terpencil,Teknik Komputer
PEMBANGUNAN PLATFORM CLOUD YANG TEPAT GUNA BAGI KOMUNITAS BERGERAK,Teknologi Informasi
DISAIN DAN PERANCANGAN ANTENA UNTUK INTEGRASI TEKNOLOGI KOMUNIKASI DATA NIRKABEL,Teknik Telekomunikasi
Pengembangan Sistem TIK untuk Kelas Berbasis VIDEOLAN untuk Mendukung Layanan Pembelajaran Jarak Jauh di Pedesaan,Teknologi Informasi
Pengembangan Sistem Monitoring Kualitas Jaringan Akses Mobile Broadband / Internet Secara Empirik dengan Fitur Lokasi,Teknik Telekomunikasi
Pengembangan Komunitas Siswa Belajar Berbasis TIK (Studi Kasus Desa Punclut-Jawa Barat),Teknologi Informasi
Perancangan dan Implementasi Robot Kognitif Probabilistik dengan Kemampuan Lokalisasi-Pemetaan Mandiri dan Pengambilan Keputusan,Elektronika
Cloud Health di Indonesia (CLoud Health Reminder System Tuberculosis),Teknologi Informasi
: Alat Bantu Identifikasi Plagiasi Dokumen menggunakan Informasi Sintaks dan Latent Semantic,Informatika
Kajian dan Implementasi Sistem Visual Interaktif untuk Analisa Geometrik dari Kromosom,Informatika
Peningkatan Literasi TIK Komunitas Guru Sekolah Bandung-Subang-Cianjur untuk Mendukung e-Learning,Informatika
PERANCANGAN DAN IMPLEMENTASI ANTENA PAYLOAD/TELEMETRI/GPS TERPADU CONFORMAL PADA SISTEM ROKET,Teknik Telekomunikasi
MODUL TTS-Si: KONVERSI TEXT � SUARA BAHASA INDONESIA DENGAN MENGGUNAKAN SILABEL,Teknik Biomedika
Rancang-Bangun Perangkat Sistem Wireless Sensor Network (Studi kasus Implementasi pada Wireless Geophone Sensor Network untuk Akuisisi Data Seismik),Sistem Kendali dan Komputer
Pemodelan Kinerja Jaringan Nirkabel Berbasis   IEEE 802.11 yang Mendukung Kualitas   Layanan Video Streaming,Teknologi Informasi
Pengembangan Embedded Virtual Class Box untuk Mendukung Pembelajaran Jarak Jauh untuk Sekolah di Daerah Rural,Teknologi Informasi
Rancang Bangun Sistem Next Generation E-Voting,Sistem Kendali dan Komputer
Jaminan Kualitas Layanan Cross-Layer pada Multimedia  Streaming di Jaringan Wireless Internet (Cross-Layer Based QoS in Multimedia Streaming in Internet  Wireless Network),Teknologi Informasi
Rancang-Bangun Sistem Interaksi Pengguna Berbasis Teknologi Kolaborasi dan Konektivitas dengan Studi Kasus BeatMe! Dan Angklung Generasi Baru,Teknik Komputer
Pengembangan Jaringan Backchannel Sebagai Pendukung Sistem Fault Diagnosis pada Jaringan Nirkabel di Daerah Pedesaan  (Development of Backchannel Network For Supporting Fault Diagnosis System in Rural Wireless Networks),Elektronika
Pengembangan Sistem Interpretasi Data GPR dengan Menggunakan Metoda Pohon Keputusan,Teknik Telekomunikasi
Pembangkit Portofolio Siswa Otomatis,Rekayasa Perangkat Lunak dan Data
Evaluasi Jaringan Kabel Tembaga Untuk Aplikasi Internet Protokol Televisi  ( IPTV)  di Indonesia  (Wireline Network Evaluation for Internet Protocol Television (IPTV) in Indonesia),Teknik Telekomunikasi
Semantic Tecjnology untuk Mendukung Interoperabilitas Antar Model Informasi Electronic Health Record (EHR),Rekayasa Perangkat Lunak dan Data
PENGEMBANGAN TELERADIOLOGI SEBAGAI SARANA TELEKONSULTASI DAN TELEEDUKASI,Teknik Biomedika
PERANCANGAN ANTARMUKA SISTEM SEMI HIBRID ELEKTRIK - MEKANIK MENGGUNAKAN MOTOR SERVO UNTUK APLIKASI MOBIL LISTRIK,Teknik Ketenagalistrikan
PEMBANGKITAN SOAL KUIS OTOMATIS PADA   EVALUASI PEMBELAJARAN DIGITAL,Informatika
"Pengembangan Prototipe Skala Industri Sistem ExG (Integrasi Sistem EEG, EKG, dan EMG)",Teknik Biomedika
Pengembangan Algoritma Rendering Intelligent berbasis Artifisial Neural Network untuk Proyeksi Non-Planar dalam Aplikasi dengan Lingkungan Virtual 3D dengan Studi Kasus pada Simulator Wahana Bawah Laut Taman Nasional Bunaken,Teknik Komputer
Rancang Bangun WiMax Smart Terminal Untuk  Machine to Machine (M2M) Communication,Elektronika
Pemodelan Struktur Metadata IRySS (Intelligent Repository Storage System) - Kasus Komponen Dasar Doman Independen IRySS,Rekayasa Perangkat Lunak dan Data
"Secured-Bus Architecture Design for High Security  		Smart Card Chip",Elektronika
APLIKASI MONITORING TRAFIK SECARA CERDAS MENGGUNAKAN TEKNIK OPTICAL FLOW DAN AKSES STATUS DATA KONDISI TRAFIK BERBASIS MOBILE WEB,Teknik Telekomunikasi
Digital Course-Content Creator,Rekayasa Perangkat Lunak dan Data
Sistem Pendeteksian Obyek dalam Video Untuk Layanan Video Berbasis Komputasi Awan,Teknologi Informasi
Pengelolaan Pengetahuan & Teknologi Pangan untuk meningkatkan kualitas nutrisi mayarakat Indonesia,Teknologi Informasi
KAJIAN KEBUTUHAN DAYA TRAKSI  SISTEM ANGKUTAN MASSAL KRL MENGGUNAKAN ALGORITMA GENETIKA di DKI JAKARTA,Teknik Ketenagalistrikan
Perancangan dan Implementasi Perangkat HIL                 Perancangan dan Implementasi HIL (Hardware-in-the-Loop) untuk Karakterisasi ECU (Engine-Control-Unit) Kendaraan Bermotor,Elektronika
Buku Tabungan dalam Handphone dengan Teknologi Near Field Communication (NFC),Teknik Komputer
Pervasive Computing untuk Anak Autis,Teknik Komputer
Pengembangan Intelligent Assistant pada Sistem Human Error Tolerant Menggunakan  Metoda Cerdas Terpilih,Teknik Komputer
Pendeteksi Plagiarisme Karya Ilmiah Multibahasa (Indonesia dan Inggris),Informatika
Digital Learning Platform,Rekayasa Perangkat Lunak dan Data
Pengembangan Aplikasi pada Perangkat Komunikasi Bergerak untuk Kaji Cepat Kondisi Korban Bencana  (Rapid Disaster Victim Assessment Application Development on Mobile Devices),Teknik Telekomunikasi
Perancangan Antena Pita Lebar untuk Aplikasi Komunikasi Nirkabel,Teknik Telekomunikasi
Implementasi Pengendali Kecepatan dan Posisi Sudut Belok untuk penggerak mobil listrik Menggunakan Pengendali mikro berbasis Logika Fuzzy,Sistem Kendali dan Komputer
Simulasi SC-FDMA Sebagai Metoda Akses LTE Arah Uplink Pada Kanal HAPS Hasil Pengukuran,Teknik Telekomunikasi
Studi Kinerja  isolator Keramik dan Polimer melalui pendekatan Rangkaian Listrik Ekivalen dan Simulasi Arus Bocor dengan perangkat lunak ATP/EMTP,Teknik Ketenagalistrikan
Penumbuhan Si-Nanowires Menggunakan Metode Vapor Liquid Solid dengan Katalis Au-Nanoparticles untuk Aplikasi Devais Nanoelektronika,Elektronika
Sistem Remote Monitoring Sensor Bencana Menggunakan Teknologi Komunikasi Akses GPRS dan Teknologi Server Cloud Computing,Teknologi Informasi
DETEKSI PENYAKIT JANTUNG KORONER DENGAN KUANTIFIKASI CITRA 3D CTA,Teknik Biomedika
PENERAPAN TEKNOLOGI PENGKODEAN KANAL UNTUK PENINGKATAN KEANDALAN DALAM DISTRIBUSI MULTIMEDIA MELALUI INTERNET,Teknik Telekomunikasi
Pengembangan Information Center sebagai Sarana penyediaan informasi bagi Badan Publik (UU 18 2008 KIP),Teknologi Informasi
Sistem Monitoring Nasional Kinerja Pengelolaan Sampah Perkotaan di Indonesia,Teknologi Informasi
Telecommunication Promotional Rate Traffic Forecasting,Teknik Telekomunikasi
Pengembangan Sistem Perangkat Lunak Interpretatif untuk Pengenalan Lokasi berbasis Obyek Terdeteksi dari Gambar,Informatika
Sistem Manajemen Konten Pembelajaran Multimedia untuk Mendukung e-Learning,Teknologi Informasi
Protokol Pengiriman Data Video untuk Jaringan Nirkawat 4G,Teknologi Informasi
Rancangan Radio Frequency Front End untuk Digital TV Set Top Box Indonesia,Elektronika
SISTEM MANAJEMEN MONITORING ENERGI  UNTUK CATU DAYA HYBRID,Teknik Ketenagalistrikan
Pengembangan Visualisasi dan Editor Kode Program pada Perangkat Android,Informatika
Turbo Coding Engine Design for Energy-Aware Wireless System,Elektronika
Desain dan Implementasi Sistem Kendali Fuzzy Polinomial untuk SIstem Nonlinier dengan Pendekatan Sum of Square,Sistem Kendali dan Komputer
High Accuracy and Low Power Frame Synchronizer for High Mobility 4G Wireless System,Elektronika
Implementasi Spectrum Sensing Presisi Tinggi Untuk OpenBTS berbasis Software Defined Radio (SDR),Teknik Telekomunikasi
Karakterisasi Cloud Computing untuk Smart Power Grid Indonesia,Teknologi Informasi
Model Intelligent Transportation System berbasis Cloud Computing untuk Green Infrastructure,Teknologi Informasi
Perancangan Cloud-based Mobile Kiosk sebagai layanan informasi terpadu untuk masyarakat pedesaan,Teknologi Informasi
Disain dan Implementasi Perangkat Rumah Pintar Berbasis Mikrokontrol 8051,Teknik Telekomunikasi
Aplikasi Kendali Hibrid Pada Boost Inverter 1 Fasa,Teknik Ketenagalistrikan
Service Quality Assessment Framework,Rekayasa Perangkat Lunak dan Data
"Efek pelapisan silikon vulkanisasi temperatur ruang terhadap penurunan korona, temperatur permukaan dan arus bocor  pada  isolator keramik tegangan tinggi di daerah pantai  : kasus pantai ketewel Bali dan Pangandaran",Teknik Ketenagalistrikan
Pengembangan Metodologi Perancangan Embedded System berbasis Paradigma Event Driven dengan Contoh Kasus Hardware Firewall,Elektronika
Pembuatan Sensor MEMS Pengindera Kecepatan Aliran Udara dan Instrumen Spirometer Portable dengan Wireless-Interface Sebagai Alat Diagnosis Fungsi/Kesehatan Paru-paru,Elektronika
Rancangan Dasar Sistem Pengelolaan Pengetahuan untuk Kepakaran ITB,Rekayasa Perangkat Lunak dan Data
Integrasi Data Genom (Genomic Data) dalam Electronic Health Record (EHR),Rekayasa Perangkat Lunak dan Data
Deviation Detection via Visualization,Rekayasa Perangkat Lunak dan Data
Pengembangan Sistem Manajemen Perpustakaan Dijital Universitas berbasis Dokumen Elektronik,Rekayasa Perangkat Lunak dan Data
PENGEMBANGAN PENGUAT DAYA RF SINYAL BESAR              LD-MOSFET LINIER UNTUK TRANSMISI BROADBAND LTE DAN WIMAX DENGAN TEKNIK LINIERISASI PREDISTORSI �FIXED�,Elektronika
Simulasi Fluida 2 D Berbasiskan Partikel Menggunakan Smoothed Particle Hydrodynamics Untuk Aplikasi Mobile Interaktif,Informatika
Analisis Teknologi Multicast Sebagai Aplikasi Alternatif Untuk Layanan Konferensi Video Pada Testbed Low Speed Network,Teknologi Informasi
Pengembangan Sistem Monitoring Berbasis Web Untuk Mendukung Kelangsungan Layanan Digital Learning Pedesaan,Teknologi Informasi
Integrasi Media Sosial Microblog dalam Massive Open Online Course (MOOC),Informatika
Peningkatan Laju dan Kapasitas Komunikasi Data Nirkabel Non Line of Sight (NLOS) pada Mobilitas Tinggi,Teknik Telekomunikasi
Desain & Implementasi Algoritma Enkripsi BC4,Elektronika
Pengembangan Model Enterprise Information Center sebagai implementasi Karakterisasi Informasi,Teknologi Informasi
Pengembangan Algoritma Distributed Multi-Level Stegocrypto untuk Kriptografi Kurva Eliptik,Teknik Komputer
Teknik QoS pada Layanan Kelas Virtual dengan Teknologi Tele-Konferensi untuk Mendukung Digital Lesson Study,Teknologi Informasi
Implementasi Sistem Smart Card untuk Aplikasi Kartu Informasi Kesehatan Pasien di Klinik Bumi Medika Ganesha,Elektronika
Sistem Fault Diagnosis untuk Menjamin Kelangsungan Layanan Pembelajaran Online di Pedesaan,Teknik Komputer
Pengembangan Metode Kompresi Dictionary-Based Pseudo Parallel didalam Meningkatkan Daya Tampung SMS Massal Terpersonalisasi Menggunakan Bahasa Indonesia,Informatika
Pengembangan Customized Social Network Berbasis Web untuk Menunjang Lesson Study secara Online,Teknologi Informasi
Karakterisasi Kanal Indoor Millimeter Wave Band Untuk Aplikasi WLAN/WiGig Pada Frekuensi 60 GHz,Teknik Telekomunikasi
Pengembangan Platform Virtual Class Box untuk Layanan Pembelajaran Digital,Teknologi Informasi
"Pengembangan Prototipe Skala Industri  Sistem ExG (Integrasi Sistem EEG, EKG, dan EMG)",Elektronika
Pemanfaatan Teknologi Digital Signage untuk mendukung dan meningkatkan Sistem Informasi dan Komunikasi Kampus,Teknologi Informasi
Peningkatan Literasi TIK pada Pembelajaran Online Kolaboratif bagi Komunitas Guru di Jawa Barat,Teknologi Informasi
IMPLEMENTASI FPGA UNTUK PROSESSOR ELLIPTIC CURVE ATAS COMPOSITE FIELD,Teknik Biomedika
Pengembangan Sistem Radar Pasif Multistatik dengan Menggunakan Pemancar Komersial sebagai Illuminator dan Perangkat berbasis Software Defined Radio sebagai Penerima Sinyal Radar,Teknik Telekomunikasi
KAJIAN KEBUTUHAN DAN STABILITAS ALIRAN DAYA PADA SISTEM TRAKSI KRL-MRT DENGAN MENGGUNAKAN ALGORITMA GENETIKA,Teknik Ketenagalistrikan
Sistem Komunikasi Visual Secara Immersive Untuk Distance Learning,Teknologi Informasi
Perancangan dan Implementasi Hardware Firewall berbasis FPGA,Elektronika
Pengembangan Frame Synchronizer  Presisi Tinggi dan Konsumsi Daya Rendah  untuk Sistem Wireless Generasi  4,Elektronika
Pengembangan Sistem Penuh Layanan Pembayaran Mobile dengan Near Field Communication (NFC) Smartcard,Teknik Komputer
Kajian Human Error pada Sistem E-learning dalam Kasus Penerapan Project Based Learning,Teknik Komputer
Pembangunan Digital Learning Platform,Rekayasa Perangkat Lunak dan Data
Pengembangan Jejaring Sosial untuk Pembelajaran Kolaboratif (Smart Learning System),Teknologi Informasi
Sistem Penanda Hak Cipta pada Peta Vektor SIG (Sistem Informasi Geografis),Rekayasa Perangkat Lunak dan Data
"Metode Akses Langsung untuk Optimasi Kecepatan Identifikasi Sidik Jari, Wajah, dan Suara pada Database Skala Besar",Rekayasa Perangkat Lunak dan Data
Fungsi Hash : Desain dan  Implementasi,Elektronika
Studi Penerapan dan Dampak Mobile Cyber Market pada Masyarakat Petani di Lingkungan DAS Citarum,Teknologi Informasi
Implementasi Pengendali Kecepatan dan Posisi Sudut Belok Untuk Penggerak Mobil Listrik Menggunakan Pengendali Mikro Hibrid,Sistem Kendali dan Komputer
PEMODELAN DINAMIS DAN  PENGENDALI TORKA MOTOR BLDC ( BRUSHLESS DIRECT CURRENT ) SEBAGAI PENGGERAK MOBIL ELEKTRIK,Teknik Ketenagalistrikan
Disain dan Implementasi Perangkat,Teknik Telekomunikasi
Pengembangan Prototipe Software-Defined Network (SDN) untuk Meningkatkan Fleksibilitas Provisioning dan Rekonfigurasi Jaringan IP Masa Depan,Teknik Telekomunikasi
Uji Model Basisdata Spatio-Temporal untuk Kebencanaan di Indonesia,Rekayasa Perangkat Lunak dan Data
Pengembangan Software Antarmuka Digital Content-Course Creator berbasis Freeware untuk Mendukung Digital Learning,Rekayasa Perangkat Lunak dan Data
PENGEMBANGAN PENGUAT DAYA RF SINYAL BESAR �BROADBAND�  LD-MOSFET DENGAN TEKNIK LINIERISASI PRE-DISTORSI DIJITAL,Elektronika
Pengambilan Keputusan Sistem Multi Agen Menggunakan Algoritma Multi Agent Reinforcement Learning (MARL),Teknik Komputer
Pembangkit Portofolio Siswa,Informatika
Kajian Pentarifan untuk Interkoneksi SMS Hubbing dan Kemungkinan Penerapannya di Indonesia,Teknik Telekomunikasi
Perancangan dan implementasi perangkat Audience Computer untuk mendukung program Digital Learning,Teknologi Informasi
PENCETAKAN LULUSAN SMA/SMK MENJADI WIRAUSAHA TUTOR EKTRA KURIKULER,Teknologi Informasi
KOMPARATOR GAMBAR  BERBASIS STATISTIK DAN BENTUK GEOMETRI,Informatika
Multiple View Face Recognition Menggunakan Kamera 3 Dimensi dan Algoritma Machine Learning (Multiple View Face Recognition Using 3 Dimension Camera and Machine Learning Algorithm),Teknik Komputer
Peningkatan Kapasitas Sistem Selular CDMA Menggunakan Metoda Deteksi Multi User,Teknik Telekomunikasi
"ITB Board, Sebuah Sistem dan Framework Redistribusi Konten Telematika",Teknik Telekomunikasi
Sistem Pembayaran Elektronis Multi Devais Terintegrasi: RFID dan NFC smartcard,Teknik Komputer
Disain dan Pengembangan Prototype Pemancar TV Digital DVB-T untuk TV Komunitas Kampus ITB,Teknik Telekomunikasi
Desain dan Pembuatan Prototipe Modul Sensor Warna untuk Perangkat Uji Tanah Sawah,Elektronika
Pengembangan Konten Video Ajar Perkuliahan Berbasis Blended Learning dan Pengukuran Efektivitasnya untuk Perkuliahan Teknologi Informasi,Teknologi Informasi
Implementasi Pengendali Kecepatan dan Posisi Sudut Belok untuk Penggerak Mobil Listrik Menggunakan Pengendali Mikro Hibrid (The Implementation of speed and turn-angular position control  for electric car drive using micro-hybrid controller ),Sistem Kendali dan Komputer
Pengembangan Chipset Smartcard dengan Struktur Memory Efisien dan Unit Co-processor Kriptografi Terintegrasi untuk Aplikasi Rekam Medis Elektronik,Elektronika
Perancangan Modul Frame Synchronizer untuk Perangkat Portable Network Analyzer LTE Berbiaya Murah (Design of Frame Synchronizer for Low-cost LTE Network Analyzer),Elektronika
Pengembangan Aplikasi pada Perangkat Komunikasi Bergerak untuk Kaji Cepat Kerusakan Sebagai Bagian dari Kegiatan Pengelolaan Bencana di Indonesia Tahap II,Teknik Telekomunikasi
Rancang Bangun Prototipe Mobile Robosoccer Dan Implementasi Artificial Neural Network   Research and Development Prototype RoboSoccer Mobile And Artificial Neural Network Implementation,Sistem Kendali dan Komputer
Penggunaan Metode Sound Triangulation Pada Pengukuran Kondisi Jantung Dengan Menggunakan Electronic Stetoschope Yang Ditanam Pada Smart Chair (Measurement of Heart Condition Using Sound Triangulation Method by Electronic Sthetoscope in Smart Chair),Teknik Komputer
IDENTIFIKASI DAN PENJEJAKAN OBJEK MENGGUNAKAN ALGORITMA PEMROSESAN CITRA SIFT UNTUK REMOTE CONTROL WEAPON SYSTEMS  (Object Identification and Object Tracking Using SIFT Image Processing Algorithm For Remote Control Weapon Systems),Sistem Kendali dan Komputer
Penggunaan Metode Independent Component Analysis (ICA) Pada Rancang  Bangun Pengukur Detak Jantung di Diagnostic Mirror sebagai bagian Ubiquitus Medical Systems  (Implementation of Independent Component Analysis for Heartbeat Rate as Part of Ubiquitus Med,Teknik Komputer
Sistem Interaksi Cerdas Dengan Teknologi Voice dan Augmented Reality Pada Sistem Transportasi Personal (Smart Interaction on Personal Transportation System Using Voice Technology and Augmented Reality),Sistem Kendali dan Komputer
Segmentasi dan Kuantifikasi Citra 3D CT Jantung untuk Deteksi Penyempitan Pembuluh Koroner,Teknik Biomedika
Integrasi PACS Yang Mendukung Interoperabilitas Pada Sistem Informasi Rumah Sakit,Teknik Biomedika
Rancang Bangun Pengenalan Pola Gelombang Otak Menggunakan SVM Pada Brain Computer Interface P300 Speller,Teknik Komputer
Pengembangan Sistem Keamanan Data Radar,Teknik Telekomunikasi
Simulasi Fluida Berbasis Partikel Untuk Aplikasi Mobile  Interaktif,Informatika
Pengembangan Customized Social Network Berbasis Web untuk Menunjang Lesson Study secara Online (Development of Web-based Customized Social Network for Supporting Online Lesson Study),Teknologi Informasi
Arsitektur QoS pada Aplikasi Multimedia Delivery untuk Mendukung Digital Lesson Study (QoS Architecture on Multimedia Delivery Application for Supporting Digital Lesson Study),Teknologi Informasi
Pengembangan Estimasi Kanal Downlink Pada Sistem High Altitude Platforms (HAPs) Sebagai Infrastruktur Baru Penyelenggaraan Broadband Wireless Access (BWA) di Indonesia,Teknik Telekomunikasi
Simulasi Kinerja SC-FDMA Sebagai Metoda Akses LTE Arah Uplink pada Kanal HAPS Hasil Pengukuran,Teknik Biomedika
Analisis Teknologi Multicast Sebagai Aplikasi Alternatif Untuk Layanan Konferensi Video Pada Testbed Low Speed Network,Teknologi Informasi
Assessment Framework Perkuliahan  berbasis Business Intelligence Tahap I: Sistem Penunjang Tesis,Rekayasa Perangkat Lunak dan Data
Pengembangan Framework  Learning ManagementSystem dengan Autograder  untuk Ujian dan Praktikum Programming,Rekayasa Perangkat Lunak dan Data
Deviation Detection via Visualization,Rekayasa Perangkat Lunak dan Data
PENJAMINAN INTEGRITAS DATA UNTUK KEAMANAN TRANSAKSI PETA DIGITAL MENGGUNAKAN DIGITAL WATERMARKING,Rekayasa Perangkat Lunak dan Data
Deteksi Penyempitan Pembuluh Koroner dengan Citra Medis CT 3D,Teknik Biomedika
"ITB Board, Sebuah Sistem dan Framework Redistribusi Konten Telematika",Teknik Telekomunikasi
Pengembangan Arsitektur Memory Efisien dan Unit Co-processor kriptografi Terintegrasi pada Chipset Smartcard untuk Aplikasi Rekam Medis Elektronik,Elektronika
Disain dan Pengembangan Prototype Pemancar TV Digital DVB-T untuk TV Komunitas Kampus ITB,Teknik Telekomunikasi
Pengembangan Kerangka Penilaian Empiris untuk Model Kualitas Pembelajaran Digital,Rekayasa Perangkat Lunak dan Data
PEMBANGKITAN SOAL DAN PEMERIKSAAN JAWABAN  ESSAY SECARA OTOMATIS UNTUK EVALUASI   PEMBELAJARAN DIGITAL  (An Automatic Question Generator and Answer Judgment for Digital Learning Evaluation),Informatika
Implementasi Pengendali Kecepatan dan Posisi Sudut Belok Untuk Penggerak Mobil Listrik Menggunakan Pengendali Mikro Hibrid,Sistem Kendali dan Komputer
Desain dan Implementasi Algoritma Enkripsi BC4,Elektronika
"Pengembangan Prototipe Skala Industri Sistem ExG (Integrasi Sistem EEG, EKG, dan EMG)",Elektronika
Solusi lojik penanganan objek bergerak dalam model Basisdata Spatio Temporal Kebencanaan Indonesia,Rekayasa Perangkat Lunak dan Data
Pengendalian Torka denyut Mobil Listrik Dengan Penggerak Motor Arus Searah Tanpa Sikat,Teknik Ketenagalistrikan
Pengembangan Algoritma Penyalipan untuk  Kendaraan Otomatis Berbasis Multi Agent System  (MAS),Teknik Komputer
Rancang Bangun Movement Strategy Pada RoboSoccer Menggunakan Metode Fuzzy Logic,Teknik Komputer
Rancang Bangun Metode Thunniform Pada Forward Locomotion Robot Ikan,Sistem Kendali dan Komputer
Sistem PCR (Polymerase Chain Reaction) berbasis Teknologi MEMs untuk Studi DNA,Elektronika
Green Internet Network,Teknik Komputer
Pengembangan Model Kualitas Informasi untuk Rumah  Sakit dengan menggunakan pendekatan Six-Sigma,Informatika
"Instalasi Laboratorium Terpadu Lahan Taman Pemakaman, Pertanian dan Terapan Teknologi,  Sebagai Sarana Pendidikan Masyarakat.",Sistem Kendali dan Komputer
Pengembangan Lanjut Assistive Technolgy untuk Pengguna dengan Gangguan Syaraf Motorik  (Cerebral Palsy),Elektronika
Peningkatan Daya Saing Pedagang Eceran Tradisional dengan Penerapan Aplikasi Point of Sale  berbasis Smartphone,Informatika
Penerapan Sistem e-Health untuk Meningkatkan Kesehatan Balita di Kecamatan Kiaracondong Bandung,Teknik Biomedika
Pengembangan Aplikasi Sarana Pelayanan Masyarakat (SAPA) Berbasis Mobile Untuk Mendukung Integrasi Informasi Program Posyandu Jawa Barat,Rekayasa Perangkat Lunak dan Data
Pengembangan Alat Bantu Praktikum Pengukuran Parameter Antena Berbasis Mikrokontroler Untuk Meningkatkan Pemahaman Siswa SMK dan Mahasiswa,Teknik Telekomunikasi
Pengembangan Teknologi Proses Printed Circuit Board (PCB) 2 Lapis dengan Lubang Pengubung (Through Hole) dan Metode Karakterisasinya,Elektronika
Perpustakaan Terintegrasi: Buku untuk Adikku,Teknik Ketenagalistrikan
GANESHA HEJO: Program Pengelolaan Sampah Terintegrasi di Kawasan Ganesha,Teknologi Informasi
Pengembangan UKM Berbasis Masyarakat di Wilayah Cisitu,Sistem Kendali dan Komputer
"Instalasi Laboratorium Pembibitan Tanaman Pangan dan Perkebunan Sebagai Percontohan Kombinasi Pemenuhan Ketahanan Pangan dan Kontribusi Langit Biru Pepohonan Terpadu Terapan Teknologi,  Sebagai Sarana Pendidikan Masyarakat.",Sistem Kendali dan Komputer
Pengaruh Spacer pada Perambatan Gelombang Elektromagnetik yang Diradiasikan oleh Partial Discharge pada Gas Insulated Switchgear,Teknik Ketenagalistrikan
Rancang Bangun Modul Sistem Logistik Makanan Berbasis Near Field Communication (NFC) di Indonesia,Elektronika
"Peningkatan Kapasitas Sistem CDMA dengan Kombinasi RAKE, Power Control, Diversitas, Muticarrier dan Multiuser",Teknik Telekomunikasi
STUDY OF DIELECTRIC PROPERTIES OF LIQUID INSULATION FOR HIGH TEMPERATURE APPLICATIONS,Teknik Ketenagalistrikan
Analisa Topologi Baru Inverter Kombinasi Konverter DC-DC Untuk Aplikasi Pada Pembangkit Listrik Tenaga Surya,Teknik Ketenagalistrikan
Aplikasi Smart Metering System untuk Implementasi Green IT,Informatika
Axis Rotation Fast Decoupled Method for Distribution Three Phase Load Flow,Teknik Ketenagalistrikan
Modul Keamanan Suara,Elektronika
Pengembangan Perangkat Mobile Soil Sensor untuk Pengujian Kondisi Lahan Pertanian,Elektronika
Pengaruh Geometri dan Dimensi Elektroda serta Kehadiran Partikel Asing terhadap Karakteristik Medan Listrik pada Peralatan Listrik Tegangan Tinggi Tiga Fasa,Teknik Ketenagalistrikan
Perancangan dan Implementasi Rangkaian Penyesuai Impedansi untuk Pengukuran Partial Discharge dalam Jangkauan Frekuensi sampai Satu Giga Hertz,Teknik Ketenagalistrikan
Penerapan Teknologi Informasi pada Anak Usia Sekolah Dasar Masyarakat Kota Kurang Mampu,Teknik Telekomunikasi
Perluasan Jangkauan Teknologi Akses Jaringan Nirkawat untuk Memacu Pertumbuhan Industri Kecil dan Menengah Daerah Pedesaan,Teknik Telekomunikasi
Desain Material Dielektrik Artifisial dengan Permitivitas Anisotropik dan Komputasi Numeriknya Berbasis Metode FDTD,Teknik Telekomunikasi
Komputasi Numerik Pengurangan Rugi-Rugi Transmisi Optical Waveguide dengan Metode FDTD,Teknik Telekomunikasi
Pengaruh Spacer pada Perambatan Gelombang Elektromagnetik yang Diradiasikan oleh Partial Discharge pada Gas Insulated Switchgear,Teknik Ketenagalistrikan
Perancangan dan Implementasi Rangkaian Penyesuai Impedansi untuk Pengukuran Partial Discharge dalam Jangkauan Frekuensi sampai Satu Giga Hertz,Teknik Ketenagalistrikan
Framework Implementasi Nilai Teknologi Informasi pada Industri Kecil Menengah di Indonesia untuk Peningkatan Keunggulan Bersaing,Teknologi Informasi
Sistem Smartgrid Untuk Efisiensi Pemanfaatan Listrik,Elektronika
Open-Enterprise Resource Planning untuk Peningkatan Keunggulan Industri Kecil dan Menengah,Informatika
Pemanfaatan TIK untuk Peningkatan Industri Kecil Menengah bidang Pariwisata melalui Intelligent Tourism Center System,Teknologi Informasi
Pengembangan Sistem Informasi Simpan Pinjam di Perangkat Smart Phone untuk Menunjang Unit Bisnis pada Organisasi Usaha Kecil Menengah (Koperasi),Teknik Biomedika
Pengembangan Alat Bantu Pengukuran Parameter Antena Berbasis Mikrokontroler Untuk SMK dan Perguruan Tinggi,Teknik Telekomunikasi
Pemanfaatan Open-Source ERP untuk meningkatkan Kemampuan UKM,Informatika
Pemanfaatan Jejaring Sosial Facebook dan Media Dropbox Untuk Pendidikan dan Pengajaran di Sekolah,Informatika
Aplikasi Cerdas Manajemen Keuangan Untuk UKM Berbasis Cloud,Informatika
Studi Karakteristik Tanah untuk Pentanahan di Lingkungan Medis pada Arus Bolak-Balik Frekuensi Tinggi,Teknik Ketenagalistrikan
Penerapan Virtual Classbox untuk Mendukung Online Lesson Study di Cianjur - Jawa Barat,Teknologi Informasi
Smart Logistic Berbasis NFC & WSN Pendukung Distribusi Barang Mudah Rusak,Elektronika
Pengembangan Sistem Monitoring Angkutan Pada Pengiriman Air Susu Sapi ��� Koperasi Tani Laras Ati - Kuningan,Teknik Telekomunikasi
Pengembangan Sistem Informasi Dalam Pengelolaan Usaha Daur Ulang Sampah Plastik di Tingkat Pengolah,Teknik Telekomunikasi
"Revitalisasi LaboratoriumTeknik Tegangan Tinggi ITB untuk Peningkatan Pelayanan Praktikum Teknik Tegangan Tinggi bagi ITB, Perguruan Tinggi Swasta, dan Industri",Teknik Ketenagalistrikan
Pengembangan Repositori Dokumen Untuk Pendukung Pelaksanaan E-Government,Rekayasa Perangkat Lunak dan Data
Program Teleedukasi dengan SMS-Caster untuk Pencegahan Penularan HIV di Kota Bandung,Teknik Biomedika
Pengembangan Modul Catu Daya Pulsa sebagai Perangkat Pelapisan Tembaga bagi Industri PCB Multilapis Skala Kecil,Elektronika
Desain Elektroda Peralatan Listrik Tegangan Tinggi Tiga Fasa dengan Mempertimbangkan Pengaruh Geometri dan Dimensi Elektroda serta Kehadiran Partikel Asing terhadap Karakteristik Medan Listrik,Teknik Ketenagalistrikan
Pengembangan Green Internet Network,Teknik Komputer
Pengembangan Sensor Tanah Elektronik untuk Pengujian Kondisi Lahan Pertanian,Elektronika
Sistem Pelacak Real Time untuk Atlit Sepak Bola (Real Time Soccer Athlete Tracker),Teknik Biomedika
Keamanan Telekomunikasi Radio Jarak Pendek,Elektronika
Pengembangan Massive Open Online Course (MOOC) untuk Peningkatan Kualitas Pendidikan Indonesia,Informatika
PENGEMBANGAN ALGORITMA FRAGILE WATERMARKING UNTUK OTENTIKASI CITRA DIGITAL,Informatika
Perancangan Penguat Derau Rendah dengan Teknik Non Simultaneous Conjugate Match untuk Aplikasi Radar FMCW,Teknik Telekomunikasi
Penggeser Fasa Terprogram Berbasis Mikrokontroler Untuk Aplikasi Beam Reconfigurable Antenna,Teknik Telekomunikasi
CETAK BIRU KATALOG SISTEM LAYANAN DAN ENTERPRISE SERVICE BUS UNTUK PERUSAHAAN KECIL MENENGAH SEKTOR JASA KEUANGAN,Teknologi Informasi
Program Aliran Beban di Sistem Distribusi Tenaga Listrik. Distribution Loadflow Program.,Teknik Ketenagalistrikan
PENGEMBANGAN MODEL UJI BALON UTERUS UNTUK MENURUNKAN ANGKA KEMATIAN IBU MELAHIRKAN DI INDONESIA,Teknik Biomedika
Sistem Relay Network untuk Internet-of-Things (IoT) Berbasis Accumulator-Assisted Distributed Turbo Codes,Elektronika
Penerapan Metoda Akses LTE Arah Uplink dengan Teknik SC-FDMA pada Sistem Komunikasi Seluler Berbasis High Altitude Platform Application of Uplink LTE Access Method using SC-FDMA Technique Deployed for Cellular Communication Based on High Altitude Platform,Teknik Biomedika
Fluid Shader untuk Rendering Simulasi Fluida pada Mobile GPU,Informatika
"E-rINA, Framework Inovatif pada Akses Jaringan Informasi untuk Layanan Kelas Virtual Real-Time di Daerah Rural (E-rINA, An Innovative Framework of Information Network Access for Real-Time Virtual Class Service in Rural Area)",Teknologi Informasi
"Modelling, Fabrication and Characterization Of Titanium-Oxide Memristor Device",Elektronika
Peningkatan Pemahaman Sistem Transportasi Masal Berbasis Elektrik Sebagai Dasar Perencanaan Kebijakan Transportasi,Teknik Ketenagalistrikan
Simple Control Method Of Multicell Inverters Using The Hybrid Approach,Teknik Ketenagalistrikan
Pendidikan Teknologi Informasi dan Pemrograman untuk Anak-anak,Teknik Komputer
"Peningkatan Kapasitas Sistem CDMA Menggunakan Teknik RAKE, Power Control, Diversity, Muticarrier dan Multiuser",Teknik Telekomunikasi
Sistem Pelacak Real Time untuk Atlit Sepak Bola (Real Time Soccer Athlete Tracker),Teknik Biomedika
Pengembangan Recommender System berbasis pada Kebutuhan Fungsional Pengguna,Informatika
Sistem Pengenalan Buah Otomatis (Automatic Fruit Recognition System),Informatika
Pengembangan Framework  untuk Aplikasi Mobile Pencegah Perdagangan Anak,Rekayasa Perangkat Lunak dan Data
Pembangkitan Pertanyaan untuk Sistem Tanya Jawab Medis dalam bahasa Indonesia,Informatika
Sistem Informasi Adaptif untuk Perguruan Tinggi Berbasis Top-down Design dan Bottom-up Implementation,Informatika
Reduksi Kompleksitas Komputasi Metrik pada Jejaring Sosial Skala Besar Menggunakan Graph Summary,Teknik Komputer
SINTESIS EKSPRESI WAJAH UNTUK  TALKING AVATAR PADA SISTEM CHATBOT,Informatika
Desain dan Implementasi Prosessor Kognitif untuk Sistem Instrumentasi Kognitif,Elektronika
Digital Wireless Projector for Smartphone,Elektronika
Pengembangan Platform Portaudio DSP untuk Aplikasi Komunikasi Suara Aman Bebas Sadap,Teknologi Informasi
Desain Perangkat Keras  True Random Number Generator (TRNG),Elektronika
Pengembangan Algoritma Sinkronisasi dan Prototip Rangkaian Chaos Berbasis Memristor  untuk Komunikasi Analog Tersembunyi,Elektronika
Sound Imaging Frekwensi Terdengar (Studi Kasus Sistem Hostile Artilery Locator),Sistem Kendali dan Komputer
Pembangunan Unified Knowledge Representation  pada Knowledge-based System,Informatika
Kecerdasan Buatan Multilayer Dengan Unsupervised Learning Pada Layer Bawah dan Jejaring Analitik Pada Level Atas (Studi Kasus Robosoccer),Sistem Kendali dan Komputer
Inteligence Mesin Perseption Berbasis Informasi Citra dan Abstraksi Semantic Lingkungan (Studi Kasus Lingkungan Jalan Raya),Teknik Komputer
Implementasi QR Decomposition pada FPGA untuk Aplikasi Antena Digital Phased Array,Teknik Telekomunikasi
Implementasi Filter Daya Aktif Modular Dengan Metode Pembatasan Daya Kompleks dan Metode Skala,Teknik Ketenagalistrikan
Sistem Diagnostik Non Invasiv Jantung Terpadu: Auskultasi dan EKG,Teknik Biomedika
Sistem Enterprise Resource Planning ODoo untuk Peningkatan Keunggulan Industri Kecil & Menengah,Informatika
Pengembangan Sistem Transfer Energi Nirkabel untuk Pengisian Baterei Telepon Selular,Teknik Telekomunikasi
Pembuatan Prototype Service-Based Enterprise Resource Planning (Service-Based ERP) untuk Industri Kecil dan Menengah,Teknologi Informasi
Sistem Monitoring Pemakaian Daya Listrik Perangkat Berbasis Web,Teknik Telekomunikasi
Local Characterization of Nano Composite Polymers used in Electrical Engineering,Teknik Ketenagalistrikan
Aktivitas Anti Proliferasi dan Inhibisi Migrasi Sel Otot Polos Vaskular dari Nanoenkapsulasi Ekstrak Arachis hypogaea dan Allium cepa L. untuk Pencegahan Restenosis pada Stent Jantung,Teknik Biomedika
Pengembangan Sistem Data Terbuka Guna Mendukung Peningkatan Keunggulan dan Keberlanjutan UMKM,Rekayasa Perangkat Lunak dan Data
Penerapan Teknologi Process Mining untuk Memperbaiki Kinerja dan Efisiensi Bisnis Proses (Studi Kasus: Sistem Pengelolaan Sumber Daya),Rekayasa Perangkat Lunak dan Data
Pengembangan Sistem Enterprise Resource Planning (ERP) untuk Industri Kecil-Menengah,Teknik Telekomunikasi
Perancangan dan Implementasi Enterprise Resource Planning Berbasis Open Source untuk Usaha Kecil-Menengah,Teknik Telekomunikasi
Implementasi GPS tracking untuk Menjejak Pergerakan Truk Pengangkut Sampah pada PD Kebersihan Kotamadya Bandung,Teknik Telekomunikasi
Pengukuran Radiasi Gelombang Elektromagnetik di Kampus ITB sebagai Langkah Preventif Kepedulian Terhadap Bahaya Radiasi Gelombang Elektromagnetik di Kampus,Teknik Telekomunikasi
Pengembangan UKM Jasa dengan  Pemanfaatan Software As A Services (SaaS),Teknik Telekomunikasi
Penerapan Teacher Portal untuk Peningkatan Literasi Internet bagi Komunitas Guru Sekolah Dasar di Cianjur ��� Jawa Barat,Teknologi Informasi
Sistem Benchmarking untuk Mengukur Kinerja  Implementasi E-Government,Rekayasa Perangkat Lunak dan Data
Perangkat Berbasis Sensor PPG dan Tekanan untuk Pencegahan Penyakit Jantung dan Stroke di Masyarakat,Teknik Biomedika
Studi Ocean Thermal Energy Conversion untuk Aplikasi Pemanfaatan Potensi Energi Panas Laut di Indonesia,Teknik Ketenagalistrikan
Penyempurnaan Situs Pengindeks Sitasi Jurnal-Jurnal Indonesia,Sistem Kendali dan Komputer
Pengembangan Teknik Kontrol Jaringan Nirkabel Generasi-5 (5G) untuk Meningkatkan Throughput dan Mengurangi Latency,Teknik Telekomunikasi
Stego-ECC berbasis noise dengan Error Correcting Code,Teknik Komputer
Pengembangan Mobile Voting (Development of Mobile Voting),Teknik Komputer
:  Kajian Active Sharing Untuk Meningkatkan Efisiensi Penggunaan Spektrum dan Mempercepat Pembangunan Infrastruktur Telekomunikasi di Indonesia,Teknik Telekomunikasi
PEMBANGUNAN SISTEM DIAGNOSIS BERBANTUKAN KOMPUTER UNTUK KASUS RETINOPATI DIABETIK,Teknik Biomedika
PEMBANGUNAN PLATFORM TELEOFTALMOLOGI DIGITAL UNTUK MANAJEMEN KATARAK,Teknik Biomedika
Pengembangan Testbed Programmable WiFi,Teknik Telekomunikasi
Sistem Monitoring Pemakaian Daya Listrik  Berbasis Web,Teknik Biomedika
Platform Penjaminan Kualitas Layanan Voice over IP Terenkripsi dengan Metode Alokasi Ketersediaan Bandwidth pada Jaringan Berkapasitas Terbatas,Teknologi Informasi
Sistem Komunikasi Video Terkompresi yang Aman (Secure) untuk Keamanan dan Pertahanan,Teknik Telekomunikasi
Penerapan Software Defined Networking (SDN) untuk Menanggulangi Masalah Exposed Terminal dan Hidden Terminal pada Jaringan WiFi,Teknik Telekomunikasi
Pemanfaatan Social Media Marketing untuk UKM Boneka di Kota Bandung,Informatika
Implementasi Sistem Informasi dan Manajemen Pembelajaran untuk Guru (SIMAP) dan Pemberdayaan Guru di Cianjur - Jawa Barat,Teknologi Informasi
PENGEMBANGAN TRUCK-SHARING SYSTEM PADA START UP SMART MOBILITY,Teknologi Informasi
Pengembangan Sistem Check-In dan Boarding di Bandar Udara Berbasis NFC (Near Field   Communication) Menggunakan Single Identity,Teknik Komputer
Pengembangan Sistem Self-Adaptive untuk Penyediaan Layanan Perguruan Tinggi Secara Berkelanjutan,Informatika
Pengembangan Sistem Tanya Jawab Berbasis Bahasa Alami untuk Aplikasi Kesehatan di Puskesmas,Informatika
Pembangunan Sistem Informasi Akuntansi Cerdas menggunakan Natural Language  dan Struktur Dinamis,Informatika
Otomatisasi Pengenalan Buah dan Sayur di Supermarket berbasis Depth Sensor,Informatika
Pengembangan Teknik Kontrol Jaringan Nirkabel Generasi-5 (5G) untuk Meningkatkan Throughput dan Mengurangi Latency,Teknik Telekomunikasi
Perancangan dan Pembuatan Rangkaian Pendeteksi Partial Discharge Ultrawide Band,Teknik Ketenagalistrikan
Pengembangan Aplikasi Ponsel Cerdas Berbasis Moodle untuk Pembelajaran Online  di Perguruan Tinggi,Teknologi Informasi
Penerapan Software Defined Networking (SDN) untuk Menanggulangi Masalah Exposed Terminal dan Hidden Terminal pada Jaringan WiFi,Teknik Telekomunikasi
Desain Pembangkit Listrik Tenaga Termal Air Laut untuk Memenuhi Kebutuhan Energi Listrik di Indonesia,Teknik Ketenagalistrikan
Penggabungan Sumber Informasi Terstruktur dan Tidak Terstruktur dalam Chatbot Bahasa Indonesia,Informatika
Pengembangan Prototipe Sensor Deteksi Gempa Bumi Tepat Guna,Teknik Komputer
Aplikasi Kendali Hibrid Pada Konverter Boost Untuk Menurunkan Frekuensi Pensaklaran,Teknik Ketenagalistrikan
Pengembangan Model Teletraffic dan Analisa Optimasi Jaringan untuk Sistem Telekomunikasi Selular LTE (4G),Teknik Telekomunikasi
Pengembangan Framework E-Learning VidyaNusa sebagai Prototipe Next Generation E-Learning.,Elektronika
Pengembangan Modul Kontroller untuk Sistem Autotracking Satelit VSAT,Teknik Telekomunikasi
Pengembangan Mobil Rental Internet of Things (IoT),Teknik Komputer
Pemanfaatan Teknologi Wireless Mesh Network untuk Membangun Sistem Akses Informasi dalam Gerbong Kereta Api,Teknik Telekomunikasi
Pengembangan Sistem Komunikasi Filterbank Multicarrier,Teknik Telekomunikasi
Development of Question Answering System for Treatment of Baby Blues Syndrome in Public Health Center,Informatika
Multi-view Object Recognition based on Shape Association,Informatika
Development of Intelligence Accounting Information based on Natural Language and Dynamic Structure,Informatika
Geospatial Analytical Search Engine: Performing Extraction and Retrieval of Thematic Maps from Web Sources,Informatika
Pelatihan/Penyuluhan Penggunaan Teknologi Informasi Secara Bijak Untuk  Masyarakat Binaan di Kelurahan Cicaheum Kota Bandung,Teknik Telekomunikasi
Penerapan Learning Management System (LMS) berbasis Mobile dengan Teknologi Multimedia untuk Pembelajaran di Sekolah Pedesaan,Teknologi Informasi
Normalisasi Lembar Teks Dokumen Dengan Teknik Remapping Image untuk Scanner dengan Camera Android,Informatika
Pembuatan dan Penerbitan Buku Ajar,Elektronika
DECISION SUPPORT SYSTEM TO DETERMINE THE TRACK OPTIONS FOR INSTALLATION OF GAS DISTRIBUTION PIPE BETWEEN SUPPLIER AND DISTRIBUTION POINT,Informatika
Pengembangan Metoda Pencuplikan Kompresif Untuk Pengolahan Sinyal Lanjut,Teknik Telekomunikasi
Pengembangan Sistem Pengenalan dan Penjejakan Objek Bergerak menggunakan Sensor Kamera Long Wave Infrared (LWIR),Sistem Kendali dan Komputer
Pemantauan Kualitas Udara di Kota dan Kabupaten Bandung Menggunakan WSN IOT Berbasis High Altitude Platform pada Jaringan 5G,Teknik Telekomunikasi
Pembangunan Chatbot Bahasa Indonesia untuk Alat Bantu Pembelajaran Bahasa Inggris,Informatika
Pengembangan Platform Telematika Terpadu untuk Komunikasi Komunitas Multi-Aplikasi - Pilot Project Telematika Open.Session,Teknik Telekomunikasi
Sistem Interpretasi Visual (Studi Kasus: Pengenalan Objek Buah-Buahan),Informatika
Pengembangan sistem komputer wahana bawah air mandiri berbasiskan open source robotics framework,Sistem Kendali dan Komputer
Desain dan Perancangan Pengkodean Kanal Downlink Sistem 4G LTE Menggunakan Infrastruktur High Altitude Platform (HAP),Teknik Telekomunikasi
ARSITEKTUR HARDWARE ACCELERATOR UNTUK ELLIPTIC CURVE CRYPTOSYSTEM YANG CEPAT EFFISIEN DAN MENDUKUNG MULTI STANDAR,Elektronika
Perancangan dan Pembuatan Sensor Partial Discharge untuk Deteksi Dini Degradasi Isolasi Peralatan Listrik Tegangan Tinggi,Teknik Ketenagalistrikan
Rancang Bangun Perangkat Light-Fidelity (Li-Fi) untuk Aplikasi High-Speed Internet Acces,Elektronika
Aplikasi teknologi Ambient Assisted Living (AAL) untuk menciptakan lingkungan yang aman bagi lanjut usia,Teknik Telekomunikasi
Sistem Embedded untuk Pengenalan Visual dan Penjejakan Objek Bergerak,Sistem Kendali dan Komputer
Perangkat Crowd Management System untuk Jamaah Haji dan Umrah,Elektronika
Sistem Pengendalian Lalu Lintas Kota dengan Perspektif Cyber Physical System,Sistem Kendali dan Komputer
Sistem Internet of Things dengan Algoritma Peningkatan Efisiensi Daya Sensor,Teknologi Informasi
Pemodelan Pembangkit Listrik Tenaga Panas Laut 100 kW - Alternatif Sumber Energi di Indonesia,Teknik Ketenagalistrikan
Pengembangan Model Aliran Kardiovaskuler untuk Deteksi Dini Penyakit Jantung dan Stroke,Teknik Biomedika
Arsitektur Hardware Berbasis FPGA Untuk Detektor Manusia Pada Video Real-Time,Elektronika
Implementasi Kendali Torka Prediktif Langsung pada   Motor Induksi Tiga-fasa Menggunakan dSpace 1104,Teknik Ketenagalistrikan
Pengembangan Teknologi Jaringan Nirkabel Kooperatif untuk Mendukung Layanan Laju Bit Tinggi pada Sistem 5G,Teknik Telekomunikasi
Deteksi Kalimat Ofensif dalam Ucapan dan Teks Berbahasa Indonesia Menggunakan Pembelajaran Mesin,Informatika
Visualisasi Data dan Program untuk Pendukung Kualitas Perangkat Lunak pada Metodologi Situational Method Software Engineering,Rekayasa Perangkat Lunak dan Data
"Revitalisasi Angkot di Bandung dengan Memanfaatkan Teknologi IoT, Machine Learning dan Gamifikasi: Semut Angkot",Teknik Komputer
Structural Health Monitoring Berbasis IoT,Teknik Komputer
Metode Akses Langsung Berbasis Konten Pada Basis Data Non-Alfanumerik,Rekayasa Perangkat Lunak dan Data
Distributed Digital Learning,Informatika
Pengembangan Prototip Mesin Inferensi Pengetahuan Spasial : studi kasus pengenalan tulisan tangan secara sintaktis,Informatika
Pembangunan Prototipe Sistem TIK Untuk Mencari Informasi dan Memasarkan Produk Lokal Unggulan.,Informatika
SUSUNAN MODIFIKASI PRINTED SIERPINSKI-GASKET ANTENNA UNTUK APLIKASI PENERIMAAN SIARAN TELEVISI SATELIT PADA DAERAH RURAL,Teknik Telekomunikasi
DESAIN DAN REALISASI PERANGKAT PENGUJI KARAKTERISTIK MATERIAL KAMUFLASE PENUTUP ANTENA BTS,Teknik Telekomunikasi
PERANCANGAN PERANGKAT PEMINDAI TUBUH BERBASIS ULTRAWIDEBAND UNTUK KEAMANAN TRANSPORTASI UDARA DI BANDARA INTERNASIONAL TERHADAP AKSI TERORISME,Teknik Telekomunikasi
Implementasi Rekam Kesehatan Multimedia di Sarana Pelayanan Kesehatan,Teknik Biomedika
EMTP pada Sistem Tenaga yang direduksi Secara Minimalis,Teknik Ketenagalistrikan
PENGEMBANGAN ALGORITMA DAN SISTEM PENGOLAH CEPAT UNTUK REKONSTRUKSI SINYAL RADAR SFCW-KOMPRESIF,Teknik Telekomunikasi
SISTEM MONITORING DENGAN EMBEDDED LINUX,Informatika
Pembuatan Prototipe Pengendali Beban Elektronik Generator Induksi Tiga Fasa untuk Suplai Daya Satu Fasa Menggunakan Kendali Hybrid,Sistem Kendali dan Komputer
PENGEMBANGAN INTELLIGENT VIDEO UNTUK SURVEILLANCE PENGAMANAN KAWASAN DENGAN NOTIFIKASI OTOMATIS,Teknik Telekomunikasi
Tunable Microwave Radar Absorber Using Textured Surface Technology,Aljabar
Studi Perencanaan Jaringan Telekomunikasi Berbasis Teknologi WiMAX untuk Kepulauan Seribu,Teknik Telekomunikasi
Desain dan Implementasi Networked Control Systems melalui Pendekatan Kendali Disipatif dan Skema Pertidaksamaan Matriks Linier,Sistem Kendali dan Komputer
Design of Planar Reflector Antenna Based on Textured Surface Technology for S- Band Satellite Television Receiver Application,Teknik Telekomunikasi
Compressive Digital Holography Imaging,Teknik Telekomunikasi
Karakterisasi Cerebral Aneurysm Menggunakan Citra Medis 3D untuk Analisis Resiko Pecahnya,Teknik Biomedika
Rangkaian Listrik Ekivalen Isolator Keramik Tegangan Berdasarkan Bentuk Gelombang Arus Bocor,Teknik Ketenagalistrikan
Rekayasa Antena Mikrostrip Pita Ganda 2.3/3.3 GHz untuk Komunikasi Nirkabel Teknologi Wimax,Teknik Telekomunikasi
Perancangan Simulator Penguji Perangkat Penyerap Radar dan Teknik Pengolahan Datanya dengan Hybrid De-embedding,Teknik Telekomunikasi
Desain dan Realisasi Satu Prototip Self Oscillating Mixer dengan Resonator Dielektrik sebagai bagian dari Low Noise Block pada Sistem Penerima Siaran TV Satelit,Teknik Telekomunikasi
Pengembangan Aplikasi Location-Aware Studi Kasus : ITBGuide,Teknik Telekomunikasi
Mobile Portal Tahap II,Teknik Telekomunikasi
Peningkatan Kualitas Pendidikan Dasar di Jawa Barat melalui Pemanfaatan Teknologi Informasi dan Komunikasi,Rekayasa Perangkat Lunak dan Data
Integrasi Sistem Informasi Pendidikan dan Kesehatan untuk Akselerasi Program Kesehatan Sekolah menuju Peningkatan Kualitas Sunber Daya Manusia,Teknik Biomedika
Desa Cerdas Berbasis Rural-ICT,Teknologi Informasi
Model dan Sistem Pembelajaran dalam Kelas Virtual dengan Bandwith Rendah,Informatika
Sistem Konferensi Multimedia Berbasis Web untuk Pembelajaran Digital Sekolah Dasar di Pedesaan,Teknologi Informasi
Pembangkitan Ringkasan Secara Otomatis untuk Survey Paper,Informatika
Internet Masuk Desa Menumpang Kereta Api Menggunakan Delay Tolerant Network (DTN),Teknik Komputer
Operator Training Simulator untuk Industri Proses Berskala Besar,Sistem Kendali dan Komputer
"Desain dan Realisasi Suatu Prototipe Repeater Fixed Broadband Wireless Access WiMAX Frequency Division Duplex pada 3,3 GHz.",Teknik Telekomunikasi
Indonesian Operational Support Systems Sebagai Perangkat Antar Muka Telekomunikasi Indonesia,Teknik Telekomunikasi
Pengembangan kwh meter elektronik pra-bayar berbasis smart card lanjutan,Teknik Biomedika
Perancangan Electrocardiogram (EKG) 3-Kanal Ekonomis Dengan Interpretasi,Teknik Biomedika
Pengembangan Radar Penembus Permukaan Berkecepatan Tinggi untuk Aplikasi Hankam,Teknik Telekomunikasi
Pengembangan Media Acces Control layer untuk Broadband Wireless Access,Elektronika
Pengembangan Sistem Komunikasi Multicarrier Berbasis Transformasi Wavelet Paket,Teknik Telekomunikasi
"Pengembangan Jaringan Sensor Nirkabel Yang Murah, User Friendly, Dan Fleksibel Untuk Aplikasi Precision Farming Pada Greenhouse Produksi Benih Kentang",Elektronika
"Rancang Bangun Mini ATCS (Air Traffic Control System), Sarana Pemanduan Lalu-lintas Udara untuk Bandara Kelas Menengah",Rekayasa Perangkat Lunak dan Data
MIMO STC 2x2 Design for Mobile WiMax IEEE 802.16e,Elektronika
Keamanan Implementasi Aplikasi PGP (Pretty Good Privacy),Elektronika
Assistive Technology bagi penderita CP (Cerebral Palsy) dengan Pengembangan Alat Bantu ALBATROS (Alat Bantu Komunikasi & Akses Komputer bagi Penderita Cacat Motorik),Elektronika
Penerapan dan Implementasi PSS Akses Informasi/Multimedia untuk Komunitas Masyarakat Belajar,Teknologi Informasi
Peningkatan Kesejahteraan Petani dengan Penerapan Sistem Informasi Agribisnis,Teknologi Informasi
Teknologi Digital Learning untuk Daerah Pedesaan,Rekayasa Perangkat Lunak dan Data
Pengembangan  Simulator Panser,Teknik Komputer
Multi Antena Sistem Chipset untuk mobile Broadband,Elektronika
Rekayasa Antena Mikrostrip untuk Memfasilitasi komunikasi Data Nirkabel pada Sistem Transportasi,Teknik Telekomunikasi
Prediksi Model Propagasi Menggunakan Metoda Ray-Tracing Untuk Kanal High Altitude Platorm Station (Haps),Teknik Telekomunikasi
Disaster Management Information System,Rekayasa Perangkat Lunak dan Data
Jaringan Sensor Intelejen Untuk Pemantauan Gempa Bumi Berbasis Swarm Optimization,Informatika
Pembangunan Repository Bahasa-Bahasa Daerah Nusantara Dengan Menggunakan Teknologi WEB Semantik,Rekayasa Perangkat Lunak dan Data
Pengolahan Sinyal Digital Dengan Pendekatan Intelegensia Komputasional: Aplikasi pada Software-Defined Radio (SDR) dan Active Noise Control (ANC),Sistem Kendali dan Komputer
Diagnostik Transformator dan Isolator Tegangan Tinggi Multi Parameter Dengan Mempertimbangkan Iklim Tropik,Teknik Ketenagalistrikan
Pembangkitan Ringkasan Secara Otomatis untuk Survey Paper - Penelitian Lanjutan 2011,Informatika
Pembuatan dan Pengembangan Purwa Rupa Sistem Web Identifikasi Sidik Jari Berbasis Pencarian Makna / Semantik (Searching by Content) Berbantukan Teknologi Open Source Untuk Mendukung Program Nasional Identitas Tunggal (e-KTP),Rekayasa Perangkat Lunak dan Data
Pengembangan Algoritma Efisien untuk Kriptografi Eliptik Berbasis Composite Fields,Teknik Komputer
Kajian dan Implementasi Sistem Pengenalan Tulisan Tangan berbasis relasi spasial,Informatika
Partial Discharges in High Voltage Insulations and Their Applications for Diagnosis of High Voltage Equipments,Teknik Ketenagalistrikan
Development of active power filters and boost inverters by using the predictive control to achieve good dynamic response.,Teknik Ketenagalistrikan
Pengembangan Konten Game Sebagai Media Edukasi Pemberdayaan Masyarakat Cikapundung Net di Kota Bandung,Sistem Kendali dan Komputer
Sistem Cerdas untuk Promosi Produk Kerajinan UMKM,Informatika
Implementasi Test Bed Sistem Rekam Kesehatan Elektronik Terpadu Di Tingkat Puskesmas,Teknik Biomedika
Pengembangan Integrated Audio-Video Performance Test Tool untuk Analisis Kualitas Multimedia Internet,Teknik Komputer
PENGEMBANGAN RADAR SPEKTRUM TERSEBAR FMCW-FHSS UNTUK APLIKASI HANKAM (Development of FMCW-FHSS Spread-Spectrum Radar for Defense Applications),Teknik Telekomunikasi
PENGEMBANGAN RADAR TOMOGRAFI 3-DIMENSI PENEMBUS PERMUKAAN UNTUK PEMERIKSAAN STRUKTUR JALAN RAYA (Development of 3D Tomographic Surface Penetrating Radar for Road Inspections),Teknik Telekomunikasi
Simulasi Propagasi Kanal HAPS Sebagai Teknologi Alternatif Penyedia Layanan Selular 3G di Wilayah Perkotaan,Teknik Telekomunikasi
"Perancangan dan Realisasi Compact Dual-Band Antenna Berbasis Metamaterial untuk Aplikasi WiMAX 2,3GHz dan 3,3GHz",Teknik Telekomunikasi
<b>Pengembangan dan Realisasi Antena <i>Ultra-Wide Band</i> untuk Aplikasi Radar Tomografi 3-Dimensi Penembus Permukaan</b>,Teknik Telekomunikasi
Evaluasi Praktis Kinerja Pengendalian Daya Pancar untuk Mengatasi Efek Transmisi Lintasan Jamak pada Sistem Komunikasi Nirkabel,Teknik Telekomunikasi
Kajian dan Rekomendasi Kebijakan Publik dalam Bidang Teknologi Informasi dan Komunikasi untuk Menanggulangi Kemiskinan dan Meningkatkan Kesejahteraan Masyarakat Indonesia,Teknik Telekomunikasi
Analisis Sentimen Real Time pada Microblogging,Informatika
ANALISIS GAYA BERJALAN DENGAN SENSOR ACCELEROMETER DAN TEKANAN,Teknik Biomedika
Implementasi Geometri Koch Fraktal untuk Mengurangi Dimensi Transversal Antena Planar Cetak Log-Periodic,Teknik Telekomunikasi
Implementasi Layanan  Video on Demand pada Testbed Core  IP Multimedia Subsystem (IMS),Teknik Telekomunikasi
Simulasi Hemodinamik Aliran Darah Kepala untuk Analisis Resiko Pecahnya Aneurisma Serebral,Teknik Biomedika
SISTEM PENCITRA MIKROSKOPIK DENGAN TEKNIK HOLOGRAFI DIJITAL,Teknik Biomedika
MIKROSKOP PENYAPU-LAPANG-PANDANG OTOMATIS UNTUK DIAGNOSIS PENYAKIT TBC,Teknik Biomedika
Sistem Keamanan untuk Mobile Commerece Menggunakan Near Field Communication (NFC),Teknik Komputer
Sistem Laboratorium Bahasa Multimedia yang Murah berbasis Thin Client Computing,Teknologi Informasi
Mitigasi Korona dan Kegagalan isolator Tegangan Tinggi di Daerah Pantai dengan Penggunaan Silikon Vulkanisasi Temperatur Ruang: kasus pantai Ketewel Bali dan Pangandaran,Teknik Ketenagalistrikan
Pengembangan Sistem Manajemen Bandwidth Berbasis Web untuk Mendukung Layanan Digital Learning Pedesaan,Teknologi Informasi
"Perbandingan Karakteristik Dielektrik dan Partial Discharges  Material Isolasi Cair jenis Nabati, Mineral dan Sintetik",Teknik Ketenagalistrikan
PENGEMBANGAN ARTUS EXOSKELETON BERBASIS ELECTROMYOGRAPH,Elektronika
Pengembangan Prototipe Solar Sea Glider Autonomous Underwater  Vehicle (S-SGAUV)  dengan Kemampuan  Jelajah  Jarak Jauh  sebagai Wahana  Eksplorasi  Sumberdaya Laut  dan Monitoring Kelautan.,Sistem Kendali dan Komputer
<b>Desain dan Realisasi Antena <i>Log Periodic Fractal</i> untuk Aplikasi <i>Land Radar</i> FMCW</b>,Teknik Telekomunikasi
<b>Miniaturisasi dan Peningkatan Performansi Antena Mikrostrip Menggunakan <i>Artificial Magnetic Conductor</i></b>,Teknik Telekomunikasi
Peningkatan Kapasitas Sistem Multi Carrier CDMA pada Komunikasi Selular Non Line of Sight (NLOS),Teknik Telekomunikasi
Pengembangan Aplikasi pada Perangkat Komunikasi Bergerak untuk Kaji Cepat Kerusakan Sebagai Bagian dari Kegiatan Pengelolaan Bencana di Indonesia (Rapid Damage Assessment Application Development on Mobile Devices as Part of Disaster Management in Indonesi,Teknik Telekomunikasi
Penanggulangan Gejala TCP Unfairness pada Jaringan Wireless Ad-Hoc IEEE802.11 Menggunakan Pendekatan Cross Layer Design,Teknik Telekomunikasi
Kendali Bising Aktif dengan Menggunakan Combined FIR-Functional Link Neural Networks,Sistem Kendali dan Komputer
Pengukuran Tak Merusak Permitivitas Relatif Dedaunan Berbasiskan Metoda Rectangular Waveguide,Teknik Telekomunikasi
Pengembangan Sistem Transmisi Data Sensor Gerak Berbasis Bluetooth untuk Analisis Gait Pasien Stroke,Elektronika
"Rancangan Dasar Sistem Biometrik Berbasis  Pengenalan Sidik Jari, Wajah, dan Suara",Rekayasa Perangkat Lunak dan Data
DIAGNOSIS PENYAKIT JANTUNG KORONER DENGAN KUANTIFIKASI CITRA ANGIOGRAM,Teknik Biomedika
Genomic Data Mining Untuk  Prediksi Resiko Penyakit Kompleks Dalam Rangka Menunjang Personalized Medicine,Rekayasa Perangkat Lunak dan Data
PLATFORM UNTUK PENGEMBANGAN APLIKASI MOBILE TV INTERAKTIF PADA ARSITEKTUR HYBRID JARINGAN DVB DAN WIRELESS IP,Teknik Telekomunikasi
Rancang-Bangun Sistem Akuisisi Data dan Klasifikasi dengan Fusi Sensor EEG dan EMG untuk Kerangka Bagian-Bawah Tubuh dari Exoskeleton,Elektronika
PENGEMBANGAN BEBERAPA ALGORITMA ENKRIPSI SELEKTIF UNTUK CITRA DIGITAL  DENGAN MENGGUNAKAN FUNGSI CHAOS,Informatika
Pengembangan Sistem Interaktif untuk Peringkasan Multi Paper,Informatika
PENGEMBANGAN MULTIPLE ATTACK GRAPH-BASED SECURITY METRICS UNTUK MENGEVALUASI SECURITY JARINGAN,Teknik Komputer
Aplikasi Metamaterials untuk Memperkecil Dimensi Fisik dan Melebarkan Bandwidth Antena Cetak,Teknik Telekomunikasi
Pengembangan Aplikasi Jaringan Sensor Nirkabel  Berbasis ZigBee Untuk Analisis Gait,Elektronika
Pengembangan Metoda Pengolahan Citra Dijital Untuk Interpolasi PSF (Point Spread Function) dan Aplikasinya Dalam Pemetaan Sebaran Materi Gelap   (Interpolation of Point Spread Functions Using Thin-Plate and Sparse Random Field Models for Dark Matter Mappi,Teknik Telekomunikasi
Pendekatan Teori Informasi Dalam Pengukuran Eliptisitas Bintang dan Galaksi Secara Presisi Untuk Pemetaan Materi Gelap  (Vector Quantization of Stars and Galaxy  for Dark Matter Mapping Applications),Teknik Telekomunikasi
Kendali Terdistribusi dengan Algoritma Konsensus pada Sekelompok Robot Humanoid,Sistem Kendali dan Komputer
Broadcast DVB over Cooperative Network dengan Scalable Video Coding,Teknik Telekomunikasi
Rancang Bangun E-Co Friendly Smart Antenna untuk 4G Wireless System,Elektronika
Algoritma Resampling Baru dan Konsep Partikel Fleksibel pada Filter Partikel untuk Penentuan Lokasi pada Robot Wahana Gerak Mandiri,Teknologi Informasi
<b>Peningkatan Efisiensi dan Pengurangan Dimensi Fisik Antena UWB Monopol Cetak untuk Aplikasi <i>Surface Penetrating Radar</i></b>,Teknik Telekomunikasi
Disain dan Perancangan Antena Untuk Integrasi Teknologi Komunikasi Data Nirkabel,Teknik Telekomunikasi
APLIKASI E-LEARNING: KONVERSI TEXT � SUARA BAHASA INDONESIA DENGAN MENGGUNAKAN SILABEL,Teknik Biomedika
Sintesis Nanowire Silikon dengan Katalis Nano-partikel Emas untuk Aplikasi Elektronika,Elektronika
Pengembangan Platform Classroom Suite untuk Mendukung Pembelajaran Digital Di Daerah Rural,Elektronika
Pengembangan Sistem Komunikasi Darurat serta Aplikasi Rapid Assesment untuk Mendukung Pelaksanaan Tugas First Responder (Tim Reaksi Cepat) pada Situasi Bencana,Teknik Telekomunikasi
STUDI KAPASITAS SUMBER ENERGI TERBARUKAN DAN PEMBEBANAN DENGAN DATA LOGGER UNTUK SIZING SISTEM PLT HYBRID SURYA-ANGIN,Teknik Ketenagalistrikan
Pengembangan Metodologi Perancangan Embedded System berbasis Paradigma Event Driven dengan Contoh Kasus Remote Monitoring System,Elektronika
Pengembangan Perangkat Cerdas Berbasis  WiMAX Untuk Aplikasi Komunikasi Machine-to-Machine (M2M),Elektronika
Pengembangan Testbed Intelligent Transport System untuk Manajemen Trafik Lalulintas,Teknik Telekomunikasi
Pembangkitan Peta Penelitian Otomatis dari Kumpulan Makalah Ilmiah,Informatika
Stego-ECC berbasis Noise,Teknik Komputer
Perbandingan Karakteristik  Isolator Tegangan  Tinggi di daerah Pantai dengan dan tanpa  lapisan Silikon Vulkanisasi Temperatur Ruang : kasus pantai Ketewel Bali dan Pangandaran,Teknik Ketenagalistrikan
IMPLEMENTASI FPGA UNTUK PROSESSOR ELLIPTIC CURVE ATAS COMPOSITE FIELD,Teknik Biomedika
Perancangan Antena Pita Lebar untuk Aplikasi Komunikasi Nirkabel,Teknik Telekomunikasi
Rekayasa Komunikasi Millimeter Wave Band untuk Aplikasi WLAN/WiGig Pada Frekuensi 60 GHz,Teknik Telekomunikasi
Pengembangan Sistem Antarmuka Akuisisi Data Sensor Tanah untuk Peningkatan Produktivitas Pertanian,Elektronika
Pengembangan Model dan Simulasi Keamanan Jaringan Secara Optimal,Teknik Komputer
Pengembangan Bandpass Filter Komposit Berbasis Teknologi Mikrostrip untuk Aplikasi UWB,Teknik Telekomunikasi
Perancangan dan Analisa Inverter Penaik Tegangan 1 Fasa Dengan Metode Kendali Hibrid Minimisasi Frekuensi Pensaklaran,Teknik Ketenagalistrikan
Pengembangan Antena Cetak Multiband Compact  untuk Aplikasi Komunikasi Nirkabel,Teknik Telekomunikasi
Rancang Bangun Distributed Control Systems Menggunakan RTOS Pada Lower Limb Exoskeleton,Sistem Kendali dan Komputer
Pengembangan Sistem Perangkat Lunak Pemilahan Frekuensi Napas untuk Diagnosis Penyakit Paru dan Saluran Pernapasan,Rekayasa Perangkat Lunak dan Data
Perancangan Unit Synchronizer untuk  Perangkat Portable Network Analyzer Berbiaya Murah,Elektronika
Pengembangan Sistem Peringkasan Progresif Otomatis untuk Kumpulan Makalah Ilmiah,Informatika
Analisis Numerik Pengurangan Rugi-Rugi Transmisi pada Optical Waveguide dengan Teknik Dieletric-Lined,Teknik Telekomunikasi
Pengembangan Metodologi Perancangan Embedded System berbasis Paradigma Event Driven dengan Contoh Kasus Remote Monitoring System,Elektronika
Pemodelan Seismo-Electromagnetics Perturbation dengan Metode FDTD untuk Analisa Earthquake Precursor,Teknik Telekomunikasi
Pengembangan Metode Berbasis Valid Database Untuk Penanganan Data Hilang Dalam Proses  Ekstraksi Struktur Bayesian Network Dari Data,Rekayasa Perangkat Lunak dan Data
PENINGKATAN PEMAHAMAN MATA KULIAH RANGKAIAN LISTRIK SEBAGAI BASIS PENINGKATAN MUTU PENDIDIKAN TEKNIK ELEKTRO DI PTS,Teknik Ketenagalistrikan
"Penerapan Smart Gateway untuk  Mendukung Komunitas Guru Belajar (KGB) di Bandung, Cianjur, dan Subang � Jawa Barat",Teknologi Informasi
Pemberdayaan Komunitas Guru di Cianjur untuk Mendukung Gerakan Guru Melek Internet (GGMI),Teknologi Informasi
Pemanfaatan Media Sosial untuk Peningkatan Usaha bagi Start-Up Company,Informatika
Penggunaan Smart Devices untuk Efisiensi  Energi Listrik Di Kampus ITB,Teknik Komputer
Pemanfaatan Teknologi Informasi pada Anak Usia Sekolah Dasar,Teknik Telekomunikasi
Pembangkitan Peta Penelitian Otomatis  dari Kumpulan Makalah Ilmiah - Penelitian Lanjutan 2014,Informatika
Pengembangan Sistem untuk Prediksi Kredibilitas Informasi dari Jejaring Sosial Online,Informatika
Pengembangan Model Adopsi Cloud Computing untuk Perguruan Tinggi,Informatika
BIOMETRIKA - APPLICATION FRAMEWORK MODEL UNTUK EVALUASI METODE-METODE BIOMETRIK,Rekayasa Perangkat Lunak dan Data
PLATFORM UNTUK PENGEMBANGAN APLIKASI MOBILE TV INTERAKTIF PADA ARSITEKTUR HYBRID JARINGAN DVB DAN WIRELESS IP,Teknik Telekomunikasi
Disain dan Pengembangan Prototype Pemancar TV Digital DVB-T untuk TV Komunitas Kampus ITB,Teknik Telekomunikasi
Sequential Pattern sebagai Fitur Pengelompokan Dokumen(Document Clustering) untuk Analis Dokumen Pada Kasus BigData,Rekayasa Perangkat Lunak dan Data
Pengurangan Dimensi Fisik Bandpass Filter Pita Sempit dengan Mengimplementasikan Geometri Koch Fraktal,Teknik Telekomunikasi
Analisis Numerik Resonator Dielektrik Lingkaran Artifisial dengan Permitivitas Anisotropik Berbasiskan Metode FDTD,Teknik Telekomunikasi
Manajemen Inormasi �Unpredictable� pada Basisdata Spatio Temporal � Kasus Tanggap Darurat Kebencanaan Indonesia,Rekayasa Perangkat Lunak dan Data
PENGEMBANGAN APLIKASI DATABASE GIS TEMATIK PADA PLATFORM PERANGKAT BERGERAK UNTUK PENATAAN RUANG DAN WILAYAH PEMERINTAHAN KOTA/KABUPATEN,Teknik Telekomunikasi
Pengembangan Deposisi Terpola Nanopartikel Emas yang Kompatibel dengan Standar Proses MOSFET untuk Aplikasi Elektronika,Elektronika
Perancangan dan Realisasi Antena Cetak Planar dengan Teknologi Mikrostrip untuk Komunikasi Nirkabel,Teknik Telekomunikasi
Peningkatan Kapasitas Sistem Selular CDMA Menggunakan Deteksi Multi User,Teknik Telekomunikasi
Pendeteksi Plagiarisme Cerdas untuk Karya Ilmiah Multibahasa (Indonesia dan Inggris),Informatika
Manajemen Keamanan Big Data,Teknik Komputer
Perancangan dan Analisa Inverter Penaik Tegangan 3 Fasa Dengan Metode Kendali Hibrid Minimisasi Riak Keluaran,Teknik Ketenagalistrikan
Peringkasan Terpandu Otomatis untuk Aggregator Berita Bahasa Indonesia,Informatika
"Penerapan Teknologi Smart Home/Smart Building untuk Menghemat Energy dan Menurunkan Biaya Perawatan Perangkat Ruang, Kuliah Studi Kasus: Ruang Kuliah di ITB",Teknik Telekomunikasi
Pengembangan Metoda Estimasi Kanal Sistem BWA Teknologi LTE di Indonesia Menggunakan High Altitude Platforms (HAPs) Sebagai Infrastruktur Alternatif Komunikasi Wireless,Teknik Telekomunikasi
Pengembangan Model dan Simulasi Penguatan Keamanan Jaringan Secara Optimal,Teknik Komputer
Penerapan Classroom Suite untuk Pelaksanaan Kegiatan Belajar Sekolah Dasar di Cianjur dan Subang ��� Jawa Barat,Elektronika
Internet Berbasis Delay tolerant network (DTN) untuk Desa Terpencil,Teknik Komputer
Pengembangan Aplikasi Sarana Pelayanan Masyarakat (SAPA) Berbasis Mobile Untuk Mendukung Integrasi Informasi Program Posyandu Jawa Barat,Rekayasa Perangkat Lunak dan Data
Pengembangan Situs Pengindeks Sitasi Jurnal-Jurnal Indonesia,Sistem Kendali dan Komputer
Disain dan Pengembangan Prototype Pemancar TV    Digital DVB-T untuk TV Komunitas Kampus ITB,Teknik Telekomunikasi
Sequential Pattern sebagai Fitur Pengelompokan Dokumen untuk Analisis Dokumen Pada Kasus BigData (Document Clustering based on Sequential Pattern for Document Analysis in Bigdata),Rekayasa Perangkat Lunak dan Data
Biometrika - Application Framework Model untuk Evaluasi Metode-Metode Biometrik,Rekayasa Perangkat Lunak dan Data
Peningkatan Performansi Bandpass Filter Mikrostrip Menggunakan Split Ring Resonator,Teknik Telekomunikasi
Pengembangan Aplikasi dan Konten Rencana Pelaksanaan Pembelajaran (RPP) pada Platform Android untuk Mendukung Pendidikan Nasional,Elektronika
Pembentukan Model Sistem Cerdas untuk Online Monitoring System Diesel Engine Ukuran Besar,Informatika
Perancangan dan Fabrikasi Susunann Antena Mikrostrip Kompak dan Murah untuk Penerima TV Satelit,Teknik Telekomunikasi
Pilot Implementasi Sistem Pendingin Nutrisi Untuk Pembenihan Kentang Aeroponik Untuk Mendukung  Produksi Benih Kentang Jawa Barat,Elektronika
Pengembangan Sistem Peringkasan Opini,Informatika
Peringkasan Otomatis Informasi Pelengkap Berita Berbahasa Indonesia dari Media Sosial,Informatika
Perancangan dan Implementasi Rangkaian Pendeteksi dan Pengukuran Partial Discharge dalam Jangkauan Frekuensi sampai Satu Giga Hertz,Teknik Ketenagalistrikan
Pengembangan Metoda Anonymity pada e-Voting,Teknik Komputer
Rancang Bangun Sensor Kualitas Tanah Elektronis Berbasis Time Domain Reflectometry,Elektronika
Perancangan dan Implementasi Pendeteksi Keberadaan Manusia dalam Ruangan untuk Aplikasi Smart Home/Smart Building,Teknik Telekomunikasi
Simulasi Teknik SC-FDMA Sebagai Metoda Akses LTE Arah Uplink pada Kanal Ricean Sistem Komunikasi High Altitude Platform Station (HAPS),Teknik Telekomunikasi
Desain Material Dielektrik Artifisial dengan Permitivitas Anisotropik dan Komputasi Numeriknya Berbasis Metode FDTD,Teknik Telekomunikasi
Komputasi Numerik Pengurangan Rugi-Rugi Transmisi Optical Waveguide dengan Metode FDTD,Teknik Telekomunikasi
Pemanfaatan Social Media Marketing untuk Sentra Industri Rajutan Binongjati,Informatika
Penerapan Teknologi Telekomunikasi dan Informasi Bagi Kelompok Masyarakat Tokoh/Panutan Tingkat RW di Kelurahan Cicaheum Kota Bandung.,Teknik Telekomunikasi
PEMANFAATAN ELECTRONIC MARKETPLACE DI INDONESIA UNTUK MENINGKATKAN JANGKAUAN PASAR UKM  DIKOTA CIMAHI,Teknologi Informasi
Pengembangan Metode Pencuplikan Kompresif  dan Aplikasinya Dalam Pengolahan Sinyal Dijital,Teknik Telekomunikasi
Pengembangan Teknologi Jaringan Akses untuk Mendukung Telekomunikasi Nirkabel Generasi-5 (5G),Teknik Telekomunikasi
Simulasi Soft Frequency Reuse Sebagai Metoda untuk Mengatasi Interferensi di Jaringan 4G LTE dengan Skenario Carrier Aggregation,Teknik Telekomunikasi
Pengembangan Sistem Peringkasan Opini (Lanjutan Tahun Kedua),Informatika
Pembangkitan Otomatis Liputan Berita Waktu Nyata dengan Peringkasan Timeline (Generating Live Report Automatically Using Timeline Summarization),Informatika
Desain Baru dan Pembuatan Rangkaian Pendeteksi Partial Discharge Ultrawide Band,Teknik Ketenagalistrikan
"Penerapan Teknologi Informasi dan Komunikasi (TIK) untuk Mecerdaskan Masyarakat Tingkat RW, di Kelurahan Cicaheum Kota Bandung",Teknik Telekomunikasi
Penerapan Sistem Kelas Virtual Multimedia Berbasis Teknologi WebRTC untuk Pembelajaran Digital di Sekolah Dasar Pedesaan di Cianjur ��� Jawa Barat,Teknologi Informasi
Antena Cetak Susun dengan Sidelobe Rendah Berbasis Metoda Dolph-Chebyshev Power Distribution untuk Aplikasi Radar,Teknik Telekomunikasi
PEMBANGUNAN APLIKASIKNOWLEDGE MANAGEMENT ONLINE MONITORING SYSTEM DIESEL ENGINE UKURAN BESAR,Informatika
Aplikasi Metoda Pencuplikan Kompresif Dalam  Bidang Telekomunikasi,Teknik Telekomunikasi
A Mobile Subsurface Imaging System On A Smartphone,Teknik Telekomunikasi
Perancangan Metoda Manajemen Interferensi Sistem Multi Sel LTE-Advanced Menggunakan Teknik Partisi Daya,Teknik Telekomunikasi
Pengembangan Sistem Parkir Berbasis Mesin Vision,Informatika
Pengembangan Teknik Akses Jaringan Nirkabel Secara Hemat Spektrum,Teknik Telekomunikasi
Pengembangan Mesin Penerjemah Teks Bahasa Sunda ke dalam Bahasa Indonesia Menggunakan Metode Berbasis Hybrid,Informatika
Teknologi Konferensi Multimedia untuk Sekolah Pedesaan dengan Bandwidth Internet Terbatas,Teknologi Informasi
Proposal P3MI Teknik Komputer,Teknik Komputer
Proposal P3MI Sistem Kendali dan Komputer,Sistem Kendali dan Komputer
PROPOSAL P3MI KK INFORMATIKA STEI ITB,Informatika
P3MI KK Elektronika STEI ITB,Elektronika
Pengembangan Sistem Terintegrasi & Devais Internet of Things untuk Kesehatan,Teknik Biomedika
Proposal P3MI KK Teknologi Informasi,Teknologi Informasi
Sistem Energi Listrik yang Berkelanjutan (Sustainable Electrical Energy System).,Teknik Ketenagalistrikan
Proposal P3MI KK Rekayasa Perangkat Lunak dan Pengetahuan,Rekayasa Perangkat Lunak dan Data
"Program Penelitian, Pengabdian kepada masyarakat, dan Inovasi (P3MI) Kelompok Keahlian Teknik Telekomunikasi ITB 2017",Teknik Telekomunikasi
Pengembangan Konstelasi Satelit CubeSat Saling Terhubung,Teknik Komputer
STUDY OF DIELECTRIC PROPERTIES OF LIQUID INSULATION FOR HIGH  TEMPERATURE APPLICATIONS,Teknik Ketenagalistrikan
Antena Cetak Susun Polarisasi Linier untuk Komunikasi Wahana Terbang dengan Ground Station,Teknik Telekomunikasi
Pengembangan Teknologi High Altitude Platform Station (HAPS) Alternatif Pengganti Teknologi Google Loon Sebagai Infrastruktur Telekomunikasi Wireless di Indonesia,Teknik Telekomunikasi
Pengembangan Simulasi Animasi Menggunakan Teknik Animasi Diferensial,Informatika
SISTEM PENCITRAAN GELOMBANG MIKRO UNTUK     DETEKSI DINI KANKER PAYUDARA: PROOF-OF-    CONCEPT & PHANTOM VALIDATION,Teknik Biomedika
Pengembangan Sistem Transfer Energi Nirkabel untuk Pengisian Baterei Perangkat Elektronik Berdaya Rendah,Teknik Telekomunikasi
Pengembangan Jaringan Akses Nirkabel Generasi-5 (5G) untuk Mendukung Infrastruktur Internet of Things (IoT),Teknik Telekomunikasi
BotBerita: Pembangkit Artikel Berita Otomatis sebagai Pendukung Jurnalis (BotBerita: News Writing Bot for Supporting Journalist),Informatika
